[
{
  "model": "authorizations.user",
  "pk": 1,
  "fields": {
    "password": "pbkdf2_sha256$870000$TI33k4NwMP4J1WS8UJAzaJ$lLLRLnKAbtQhIqs1g58ujAqdlfs7GUanPcahIKNtkFA=",
    "last_login": "2025-04-20T21:54:06.510Z",
    "is_superuser": false,
    "username": "admin",
    "first_name": "admin",
    "last_name": "admin",
    "email": "admin@admin.com",
    "is_staff": false,
    "is_active": true,
    "date_joined": "2025-02-10T10:21:14.536Z",
    "membership": 100100,
    "membership_expiration": "3000-12-31",
    "address": "Home",
    "address2": "",
    "city": "Home",
    "state_province": "Oregon",
    "postal_code": "12345",
    "country": "United States",
    "birthday": null,
    "has_logged_in": true,
    "groups": [],
    "user_permissions": [],
    "phone_number": [],
    "waiver_expiration": null,
    "background_check_expiration": null,
    "created_at": "2025-02-10T10:21:14.536Z",
    "updated_at": "2025-02-10T10:21:14.536Z",
    "created_by": null,
    "updated_by": null
  }
},
{
  "model": "authorizations.user",
  "pk": 2,
  "fields": {
    "password": "pbkdf2_sha256$870000$CZXARgh8gStsh9m1yBGWVy$V2M4vTrB1uxK3L3YDUbYCK0/ambVqcaCmVWZ8u8Tyh8=",
    "last_login": null,
    "is_superuser": false,
    "username": "Frank_Smith@samplemail.com",
    "first_name": "Frank",
    "last_name": "Smith",
    "email": "Frank_Smith@samplemail.com",
    "is_staff": false,
    "is_active": true,
    "date_joined": "2025-02-10T10:21:14.540Z",
    "membership": null,
    "membership_expiration": null,
    "address": "9423 Louis Hills",
    "address2": "Apt. 262",
    "city": "West Michelle",
    "state_province": "British Columbia",
    "postal_code": "14876",
    "country": "Canada",
    "birthday": "2007-09-24",
    "has_logged_in": true,
    "groups": [],
    "user_permissions": [],
    "phone_number": [],
    "waiver_expiration": null,
    "background_check_expiration": null,
    "created_at": "2025-02-10T10:21:14.540Z",
    "updated_at": "2025-02-10T10:21:14.540Z",
    "created_by": null,
    "updated_by": null
  }
},
{
  "model": "authorizations.user",
  "pk": 3,
  "fields": {
    "password": "pbkdf2_sha256$870000$xF9kCeNOfEPZqXTgQsRShv$zG6kCRmGZ+O1zNURKyROm43CNiSdSvg6pC17YaKj65g=",
    "last_login": null,
    "is_superuser": false,
    "username": "hernandezgary@gmail.com",
    "first_name": "Melinda",
    "last_name": "Henry",
    "email": "hernandezgary@gmail.com",
    "is_staff": false,
    "is_active": true,
    "date_joined": "2025-02-10T10:21:14.544Z",
    "membership": 11487986,
    "membership_expiration": "2028-05-15",
    "address": "5984 Madeline Burg",
    "address2": "",
    "city": "Olsonhaven",
    "state_province": "Oregon",
    "postal_code": "65689",
    "country": "United States",
    "birthday": "2000-03-10",
    "has_logged_in": true,
    "groups": [],
    "user_permissions": [],
    "phone_number": [],
    "waiver_expiration": null,
    "background_check_expiration": null,
    "created_at": "2025-02-10T10:21:14.544Z",
    "updated_at": "2025-02-10T10:21:14.544Z",
    "created_by": null,
    "updated_by": null
  }
},
{
  "model": "authorizations.user",
  "pk": 4,
  "fields": {
    "password": "pbkdf2_sha256$870000$QMBiaUtPKjBY6c1L4UjDC7$SAT/h72wrH0bckk/XSTgROleoJO9Tg4gSNHtl6pzm4Y=",
    "last_login": null,
    "is_superuser": false,
    "username": "millscharles@blackburn.com",
    "first_name": "Lisa",
    "last_name": "Nunez",
    "email": "millscharles@blackburn.com",
    "is_staff": false,
    "is_active": true,
    "date_joined": "2025-02-10T10:21:14.548Z",
    "membership": 98248406,
    "membership_expiration": "2026-12-13",
    "address": "8186 Teresa Drive",
    "address2": "",
    "city": "Perkinsview",
    "state_province": "Washington",
    "postal_code": "55267",
    "country": "United States",
    "birthday": null,
    "has_logged_in": true,
    "groups": [],
    "user_permissions": [],
    "phone_number": [],
    "waiver_expiration": null,
    "background_check_expiration": null,
    "created_at": "2025-02-10T10:21:14.548Z",
    "updated_at": "2025-02-10T10:21:14.548Z",
    "created_by": null,
    "updated_by": null
  }
},
{
  "model": "authorizations.user",
  "pk": 5,
  "fields": {
    "password": "pbkdf2_sha256$870000$z35fnVy4OEebninjQMgF1U$MSndlgLb7JHfqrWuD+AzPbQwzJZJQ1Nqb3CVvaimt3Y=",
    "last_login": null,
    "is_superuser": false,
    "username": "anna43@gmail.com",
    "first_name": "Karen",
    "last_name": "Wade",
    "email": "anna43@gmail.com",
    "is_staff": false,
    "is_active": true,
    "date_joined": "2025-02-10T10:21:14.552Z",
    "membership": 42358140,
    "membership_expiration": "2026-05-11",
    "address": "32533 Martinez Ferry",
    "address2": "",
    "city": "North Debrastad",
    "state_province": "British Columbia",
    "postal_code": "46979",
    "country": "Canada",
    "birthday": null,
    "has_logged_in": true,
    "groups": [],
    "user_permissions": [],
    "phone_number": [],
    "waiver_expiration": null,
    "background_check_expiration": null,
    "created_at": "2025-02-10T10:21:14.552Z",
    "updated_at": "2025-02-10T10:21:14.552Z",
    "created_by": null,
    "updated_by": null
  }
},
{
  "model": "authorizations.user",
  "pk": 6,
  "fields": {
    "password": "pbkdf2_sha256$870000$dqi0KkTrdmNGhesbBFqMDQ$Jntx4MeKZG35EwdFk+FUuLqoHdANr6aAezSkWbCRCWA=",
    "last_login": null,
    "is_superuser": false,
    "username": "gmoore@hotmail.com",
    "first_name": "Nicole",
    "last_name": "Hawkins",
    "email": "gmoore@hotmail.com",
    "is_staff": false,
    "is_active": true,
    "date_joined": "2025-02-10T10:21:14.556Z",
    "membership": 68370965,
    "membership_expiration": "2024-02-02",
    "address": "1477 Holden Radial Apt. 865",
    "address2": "",
    "city": "Lake Johntown",
    "state_province": "Oregon",
    "postal_code": "11548",
    "country": "United States",
    "birthday": "2000-09-13",
    "has_logged_in": true,
    "groups": [],
    "user_permissions": [],
    "phone_number": [],
    "waiver_expiration": null,
    "background_check_expiration": null,
    "created_at": "2025-02-10T10:21:14.556Z",
    "updated_at": "2025-02-10T10:21:14.556Z",
    "created_by": null,
    "updated_by": null
  }
},
{
  "model": "authorizations.user",
  "pk": 7,
  "fields": {
    "password": "pbkdf2_sha256$870000$VYAAs6WvcJs7aFav54JVzO$U0rdjZvQaB5euPaUF0LFLw6ZKpfUqglzXXBB14oI9dA=",
    "last_login": null,
    "is_superuser": false,
    "username": "rdonaldson@foster.net",
    "first_name": "Andrea",
    "last_name": "Mahoney",
    "email": "rdonaldson@foster.net",
    "is_staff": false,
    "is_active": true,
    "date_joined": "2025-02-10T10:21:14.560Z",
    "membership": 15280790,
    "membership_expiration": "2025-01-13",
    "address": "95406 Vasquez Neck Suite 544",
    "address2": "",
    "city": "Hamptonstad",
    "state_province": "Washington",
    "postal_code": "12021",
    "country": "United States",
    "birthday": null,
    "has_logged_in": true,
    "groups": [],
    "user_permissions": [],
    "phone_number": [],
    "waiver_expiration": null,
    "background_check_expiration": null,
    "created_at": "2025-02-10T10:21:14.560Z",
    "updated_at": "2025-02-10T10:21:14.560Z",
    "created_by": null,
    "updated_by": null
  }
},
{
  "model": "authorizations.user",
  "pk": 8,
  "fields": {
    "password": "pbkdf2_sha256$870000$GUblgD0GuKolRrS3Euq3oL$/ywpJfb5pP6yJYp0Tq0z2AVNF5sJmX6vsQzHBiXIqKQ=",
    "last_login": null,
    "is_superuser": false,
    "username": "mlyons@gmail.com",
    "first_name": "Edwin",
    "last_name": "Rogers",
    "email": "mlyons@gmail.com",
    "is_staff": false,
    "is_active": true,
    "date_joined": "2025-02-10T10:21:14.564Z",
    "membership": 45484348,
    "membership_expiration": "2028-07-22",
    "address": "113 Cole Terrace",
    "address2": "",
    "city": "Ashleymouth",
    "state_province": "Oregon",
    "postal_code": "14876",
    "country": "United States",
    "birthday": "2009-04-19",
    "has_logged_in": true,
    "groups": [],
    "user_permissions": [],
    "phone_number": [],
    "waiver_expiration": null,
    "background_check_expiration": null,
    "created_at": "2025-02-10T10:21:14.564Z",
    "updated_at": "2025-02-10T10:21:14.564Z",
    "created_by": null,
    "updated_by": null
  }
},
{
  "model": "authorizations.user",
  "pk": 9,
  "fields": {
    "password": "pbkdf2_sha256$870000$d8XwUiLaXpUPCoWeLuG9W9$aolJEQm1rFgtL8WWtlo7sxHgTJOaPH+a/8DbEjJhZiU=",
    "last_login": null,
    "is_superuser": false,
    "username": "lisasanders@peck.com",
    "first_name": "Rebecca",
    "last_name": "Peterson",
    "email": "lisasanders@peck.com",
    "is_staff": false,
    "is_active": true,
    "date_joined": "2025-02-10T10:21:14.568Z",
    "membership": 47156166,
    "membership_expiration": "2025-12-08",
    "address": "987 Hernandez Extensions",
    "address2": "",
    "city": "Johnsonchester",
    "state_province": "Washington",
    "postal_code": "65689",
    "country": "United States",
    "birthday": "1988-08-05",
    "has_logged_in": false,
    "groups": [],
    "user_permissions": [],
    "phone_number": [],
    "waiver_expiration": null,
    "background_check_expiration": null,
    "created_at": "2025-02-10T10:21:14.568Z",
    "updated_at": "2025-02-10T10:21:14.568Z",
    "created_by": null,
    "updated_by": null
  }
},
{
  "model": "authorizations.user",
  "pk": 10,
  "fields": {
    "password": "pbkdf2_sha256$870000$WTKMzdaf29s1y7eiWFIIDh$iJspNnhzOkdeM0GlzM9adZZu9WdoGKFG7OL3xht3Pck=",
    "last_login": null,
    "is_superuser": false,
    "username": "petersonjessica@walsh.com",
    "first_name": "Amber",
    "last_name": "Holmes",
    "email": "petersonjessica@walsh.com",
    "is_staff": false,
    "is_active": true,
    "date_joined": "2025-02-10T10:21:14.572Z",
    "membership": 80546750,
    "membership_expiration": "2027-12-27",
    "address": "30482 Chang Loaf",
    "address2": "",
    "city": "Jaclynmouth",
    "state_province": "British Columbia",
    "postal_code": "55267",
    "country": "Canada",
    "birthday": "1997-02-15",
    "has_logged_in": false,
    "groups": [],
    "user_permissions": [],
    "phone_number": [],
    "waiver_expiration": null,
    "background_check_expiration": null,
    "created_at": "2025-02-10T10:21:14.572Z",
    "updated_at": "2025-02-10T10:21:14.572Z",
    "created_by": null,
    "updated_by": null
  }
},
{
  "model": "authorizations.user",
  "pk": 11,
  "fields": {
    "password": "pbkdf2_sha256$870000$vLQkmdZ5feo0QhZjfO7wHX$opLxiueMI96oXefdr3zSH9c7A13pcw0ow5iuC0nRGzg=",
    "last_login": null,
    "is_superuser": false,
    "username": "emcknight@hansen.com",
    "first_name": "Ruben",
    "last_name": "Crawford",
    "email": "emcknight@hansen.com",
    "is_staff": false,
    "is_active": true,
    "date_joined": "2025-02-10T10:21:14.576Z",
    "membership": 31355746,
    "membership_expiration": "2025-09-29",
    "address": "99448 Fuller Loop Apt. 546",
    "address2": "",
    "city": "Collinsstad",
    "state_province": "Washington",
    "postal_code": "46979",
    "country": "United States",
    "birthday": "1984-01-18",
    "has_logged_in": false,
    "groups": [],
    "user_permissions": [],
    "phone_number": [],
    "waiver_expiration": null,
    "background_check_expiration": null,
    "created_at": "2025-02-10T10:21:14.576Z",
    "updated_at": "2025-02-10T10:21:14.576Z",
    "created_by": null,
    "updated_by": null
  }
},
{
  "model": "authorizations.user",
  "pk": 12,
  "fields": {
    "password": "pbkdf2_sha256$870000$S3R1uAv60ePpvESnj5WPi1$vjUm680c1YN2FPoY2CRGOLlUMejwP63zwsrUfcHc5m0=",
    "last_login": null,
    "is_superuser": false,
    "username": "lutzalexander@yahoo.com",
    "first_name": "Madison",
    "last_name": "King",
    "email": "lutzalexander@yahoo.com",
    "is_staff": false,
    "is_active": true,
    "date_joined": "2025-02-10T10:21:14.582Z",
    "membership": null,
    "membership_expiration": null,
    "address": "50677 Vasquez Lake",
    "address2": "",
    "city": "Barnettmouth",
    "state_province": "Washington",
    "postal_code": "11548",
    "country": "United States",
    "birthday": null,
    "has_logged_in": false,
    "groups": [],
    "user_permissions": [],
    "phone_number": [],
    "waiver_expiration": null,
    "background_check_expiration": null,
    "created_at": "2025-02-10T10:21:14.582Z",
    "updated_at": "2025-02-10T10:21:14.582Z",
    "created_by": null,
    "updated_by": null
  }
},
{
  "model": "authorizations.user",
  "pk": 13,
  "fields": {
    "password": "pbkdf2_sha256$870000$S1JXRFtQXQ1ZWKC4J3Kn1D$0MXqsHQ4CqsQHKK1CCPzYwOsRYwcGAlZMII/msODWK0=",
    "last_login": null,
    "is_superuser": false,
    "username": "aaronthomas@hotmail.com",
    "first_name": "James",
    "last_name": "Young",
    "email": "aaronthomas@hotmail.com",
    "is_staff": false,
    "is_active": true,
    "date_joined": "2025-02-10T10:21:14.587Z",
    "membership": 94720047,
    "membership_expiration": "2026-12-16",
    "address": "14659 Roberson Ford",
    "address2": "",
    "city": "Wilsontown",
    "state_province": "Washington",
    "postal_code": "12021",
    "country": "United States",
    "birthday": "1992-02-07",
    "has_logged_in": false,
    "groups": [],
    "user_permissions": [],
    "phone_number": [],
    "waiver_expiration": null,
    "background_check_expiration": null,
    "created_at": "2025-02-10T10:21:14.587Z",
    "updated_at": "2025-02-10T10:21:14.587Z",
    "created_by": null,
    "updated_by": null
  }
},
{
  "model": "authorizations.user",
  "pk": 14,
  "fields": {
    "password": "pbkdf2_sha256$870000$MJ9JTk0zJRMdMbdtfoh9JV$4ODBXav8K7886WNj1GMhl0G8EwoJ0ENanhkLy/rkA9Y=",
    "last_login": null,
    "is_superuser": false,
    "username": "cathy48@hotmail.com",
    "first_name": "Justin",
    "last_name": "Simon",
    "email": "cathy48@hotmail.com",
    "is_staff": false,
    "is_active": true,
    "date_joined": "2025-02-10T10:21:14.592Z",
    "membership": null,
    "membership_expiration": null,
    "address": "72470 Antonio Rapids",
    "address2": "",
    "city": "Scottton",
    "state_province": "Oregon",
    "postal_code": "14876",
    "country": "United States",
    "birthday": "2012-08-06",
    "has_logged_in": false,
    "groups": [],
    "user_permissions": [],
    "phone_number": [],
    "waiver_expiration": null,
    "background_check_expiration": null,
    "created_at": "2025-02-10T10:21:14.592Z",
    "updated_at": "2025-02-10T10:21:14.592Z",
    "created_by": null,
    "updated_by": null
  }
},
{
  "model": "authorizations.user",
  "pk": 15,
  "fields": {
    "password": "pbkdf2_sha256$870000$y6R86EPWhrNs6S8JyWCwEw$uHllwq7IdQCkDSYdZPRYhgsau5qTHMK1W+9JDa2afAw=",
    "last_login": null,
    "is_superuser": false,
    "username": "johnmiles@gmail.com",
    "first_name": "Tiffany",
    "last_name": "Baldwin",
    "email": "johnmiles@gmail.com",
    "is_staff": false,
    "is_active": true,
    "date_joined": "2025-02-10T10:21:14.597Z",
    "membership": null,
    "membership_expiration": null,
    "address": "4904 Richard Landing",
    "address2": "",
    "city": "Port Dawn",
    "state_province": "British Columbia",
    "postal_code": "65689",
    "country": "Canada",
    "birthday": "2016-09-09",
    "has_logged_in": false,
    "groups": [],
    "user_permissions": [],
    "phone_number": [],
    "waiver_expiration": null,
    "background_check_expiration": null,
    "created_at": "2025-02-10T10:21:14.597Z",
    "updated_at": "2025-02-10T10:21:14.597Z",
    "created_by": null,
    "updated_by": null
  }
},
{
  "model": "authorizations.user",
  "pk": 16,
  "fields": {
    "password": "pbkdf2_sha256$870000$5DtcPjxN3HHvGW0azDNtpi$GgYheZ5K7I1kOjjuuHZ18GGvdDPCqm3OKefZ/KB6LXk=",
    "last_login": null,
    "is_superuser": false,
    "username": "benjaminwalsh@hudson-galvan.com",
    "first_name": "Susan",
    "last_name": "Smith",
    "email": "benjaminwalsh@hudson-galvan.com",
    "is_staff": false,
    "is_active": true,
    "date_joined": "2025-02-10T10:21:14.601Z",
    "membership": 94526151,
    "membership_expiration": "2026-01-13",
    "address": "10043 Ponce Cliff",
    "address2": "Apt. 553",
    "city": "Toddhaven",
    "state_province": "British Columbia",
    "postal_code": "55267",
    "country": "Canada",
    "birthday": "1996-03-15",
    "has_logged_in": false,
    "groups": [],
    "user_permissions": [],
    "phone_number": [],
    "waiver_expiration": null,
    "background_check_expiration": null,
    "created_at": "2025-02-10T10:21:14.601Z",
    "updated_at": "2025-02-10T10:21:14.601Z",
    "created_by": null,
    "updated_by": null
  }
},
{
  "model": "authorizations.user",
  "pk": 17,
  "fields": {
    "password": "pbkdf2_sha256$870000$UF2ISXvgICQpdfGtLFcWIv$MmGWBsxcacXAlAm4EcuVT5lIMLNcKPm7DZgMqnIzKBw=",
    "last_login": null,
    "is_superuser": false,
    "username": "umcclure@ramirez.info",
    "first_name": "Harry",
    "last_name": "Gomez",
    "email": "umcclure@ramirez.info",
    "is_staff": false,
    "is_active": true,
    "date_joined": "2025-02-10T10:21:14.605Z",
    "membership": 79880300,
    "membership_expiration": "2025-04-14",
    "address": "072 Robert Mountains",
    "address2": "",
    "city": "Lake Aimeeburgh",
    "state_province": "Oregon",
    "postal_code": "46979",
    "country": "United States",
    "birthday": "1998-06-24",
    "has_logged_in": false,
    "groups": [],
    "user_permissions": [],
    "phone_number": [],
    "waiver_expiration": null,
    "background_check_expiration": null,
    "created_at": "2025-02-10T10:21:14.605Z",
    "updated_at": "2025-02-10T10:21:14.605Z",
    "created_by": null,
    "updated_by": null
  }
},
{
  "model": "authorizations.user",
  "pk": 18,
  "fields": {
    "password": "pbkdf2_sha256$870000$KigtMpjBsJZfcSwh659KB8$u22UFkQbt7eaVVaufM8nIR7Kz6rQY7KFCGjsZbkN4Bc=",
    "last_login": null,
    "is_superuser": false,
    "username": "jacksonholly@gmail.com",
    "first_name": "Cynthia",
    "last_name": "Henderson",
    "email": "jacksonholly@gmail.com",
    "is_staff": false,
    "is_active": true,
    "date_joined": "2025-02-10T10:21:14.613Z",
    "membership": 19525019,
    "membership_expiration": "2026-10-20",
    "address": "910 James Valley",
    "address2": "",
    "city": "Castilloland",
    "state_province": "British Columbia",
    "postal_code": "11548",
    "country": "Canada",
    "birthday": "1983-07-08",
    "has_logged_in": false,
    "groups": [],
    "user_permissions": [],
    "phone_number": [],
    "waiver_expiration": null,
    "background_check_expiration": null,
    "created_at": "2025-02-10T10:21:14.613Z",
    "updated_at": "2025-02-10T10:21:14.613Z",
    "created_by": null,
    "updated_by": null
  }
},
{
  "model": "authorizations.user",
  "pk": 19,
  "fields": {
    "password": "pbkdf2_sha256$870000$EWe0Qofl3RweEzGgEAc6wa$8gxZdKgjevfxRxhlk58yyP+j5qNvAE4bHybyG14bnS0=",
    "last_login": null,
    "is_superuser": false,
    "username": "christine06@nguyen.org",
    "first_name": "Spencer",
    "last_name": "Russell",
    "email": "christine06@nguyen.org",
    "is_staff": false,
    "is_active": true,
    "date_joined": "2025-02-10T10:21:14.624Z",
    "membership": 83217423,
    "membership_expiration": "2026-10-18",
    "address": "12828 Krystal Fords",
    "address2": "",
    "city": "East Dale",
    "state_province": "Washington",
    "postal_code": "12021",
    "country": "United States",
    "birthday": "2000-09-30",
    "has_logged_in": false,
    "groups": [],
    "user_permissions": [],
    "phone_number": [],
    "waiver_expiration": null,
    "background_check_expiration": null,
    "created_at": "2025-02-10T10:21:14.624Z",
    "updated_at": "2025-02-10T10:21:14.624Z",
    "created_by": null,
    "updated_by": null
  }
},
{
  "model": "authorizations.user",
  "pk": 20,
  "fields": {
    "password": "pbkdf2_sha256$870000$LIyyNUtRQZ8VlhHGCORuLw$yBysGJ/oE1TmuoouAKUs/b47MnOfaZ8uU43XbrMEiQA=",
    "last_login": null,
    "is_superuser": false,
    "username": "pmcgee@brown-brandt.com",
    "first_name": "Justin",
    "last_name": "Howard",
    "email": "pmcgee@brown-brandt.com",
    "is_staff": false,
    "is_active": true,
    "date_joined": "2025-02-10T10:21:14.628Z",
    "membership": null,
    "membership_expiration": null,
    "address": "938 Cantu Key Suite 632",
    "address2": "",
    "city": "Darylmouth",
    "state_province": "Oregon",
    "postal_code": "14876",
    "country": "United States",
    "birthday": "1992-07-07",
    "has_logged_in": false,
    "groups": [],
    "user_permissions": [],
    "phone_number": [],
    "waiver_expiration": null,
    "background_check_expiration": null,
    "created_at": "2025-02-10T10:21:14.628Z",
    "updated_at": "2025-02-10T10:21:14.628Z",
    "created_by": null,
    "updated_by": null
  }
},
{
  "model": "authorizations.user",
  "pk": 21,
  "fields": {
    "password": "pbkdf2_sha256$870000$eEyYYWcFqLoeHWMwCyFLKU$pXC+fqojvHgMyCLF4dHDkQT/gjo9psvCm51LrGCYn5Y=",
    "last_login": null,
    "is_superuser": false,
    "username": "walkerjessica@hotmail.com",
    "first_name": "Judy",
    "last_name": "Alexander",
    "email": "walkerjessica@hotmail.com",
    "is_staff": false,
    "is_active": true,
    "date_joined": "2025-02-10T10:21:14.632Z",
    "membership": null,
    "membership_expiration": null,
    "address": "5289 Deborah Center Apt. 994",
    "address2": "",
    "city": "Walterview",
    "state_province": "Oregon",
    "postal_code": "65689",
    "country": "United States",
    "birthday": "2000-05-30",
    "has_logged_in": false,
    "groups": [],
    "user_permissions": [],
    "phone_number": [],
    "waiver_expiration": null,
    "background_check_expiration": null,
    "created_at": "2025-02-10T10:21:14.632Z",
    "updated_at": "2025-02-10T10:21:14.632Z",
    "created_by": null,
    "updated_by": null
  }
},
{
  "model": "authorizations.user",
  "pk": 22,
  "fields": {
    "password": "pbkdf2_sha256$870000$x1G3GBgkN5yIm5BhCVFdK3$lA0NISoSLngRTZHFpghm0PMvQ1KVdajtah9I/Mop7Ww=",
    "last_login": null,
    "is_superuser": false,
    "username": "cooperjoel@yahoo.com",
    "first_name": "Elizabeth",
    "last_name": "Murray",
    "email": "cooperjoel@yahoo.com",
    "is_staff": false,
    "is_active": true,
    "date_joined": "2025-02-10T10:21:14.637Z",
    "membership": null,
    "membership_expiration": null,
    "address": "54905 Morales Canyon Suite 300",
    "address2": "",
    "city": "Randyshire",
    "state_province": "Washington",
    "postal_code": "55267",
    "country": "United States",
    "birthday": null,
    "has_logged_in": false,
    "groups": [],
    "user_permissions": [],
    "phone_number": [],
    "waiver_expiration": null,
    "background_check_expiration": null,
    "created_at": "2025-02-10T10:21:14.637Z",
    "updated_at": "2025-02-10T10:21:14.637Z",
    "created_by": null,
    "updated_by": null
  }
},
{
  "model": "authorizations.user",
  "pk": 23,
  "fields": {
    "password": "pbkdf2_sha256$870000$hybkx6t99sfFEiAAAh5038$w/5ZQ1fT9NfgbcUuo8Tf2CYm2VR4pR542DvjbTye/9Y=",
    "last_login": null,
    "is_superuser": false,
    "username": "maria25@gmail.com",
    "first_name": "Renee",
    "last_name": "Wright",
    "email": "maria25@gmail.com",
    "is_staff": false,
    "is_active": true,
    "date_joined": "2025-02-10T10:21:14.641Z",
    "membership": null,
    "membership_expiration": null,
    "address": "24872 Brown Overpass Apt. 191",
    "address2": "",
    "city": "South Markstad",
    "state_province": "British Columbia",
    "postal_code": "46979",
    "country": "Canada",
    "birthday": "1984-12-27",
    "has_logged_in": false,
    "groups": [],
    "user_permissions": [],
    "phone_number": [],
    "waiver_expiration": null,
    "background_check_expiration": null,
    "created_at": "2025-02-10T10:21:14.641Z",
    "updated_at": "2025-02-10T10:21:14.641Z",
    "created_by": null,
    "updated_by": null
  }
},
{
  "model": "authorizations.user",
  "pk": 24,
  "fields": {
    "password": "pbkdf2_sha256$870000$P5QWnFiJ7lc1wneMN0yEab$5svbvp9uHv03iKgwzRhsiqVfZxqikXYy8Ax9ZQuTi2o=",
    "last_login": null,
    "is_superuser": false,
    "username": "jennifer14@lucas.com",
    "first_name": "Frederick",
    "last_name": "May",
    "email": "jennifer14@lucas.com",
    "is_staff": false,
    "is_active": true,
    "date_joined": "2025-02-10T10:21:14.645Z",
    "membership": 32984947,
    "membership_expiration": "2027-01-28",
    "address": "73688 Roger Road Suite 032",
    "address2": "",
    "city": "Samanthabury",
    "state_province": "British Columbia",
    "postal_code": "11548",
    "country": "Canada",
    "birthday": "1988-11-18",
    "has_logged_in": false,
    "groups": [],
    "user_permissions": [],
    "phone_number": [],
    "waiver_expiration": null,
    "background_check_expiration": null,
    "created_at": "2025-02-10T10:21:14.645Z",
    "updated_at": "2025-02-10T10:21:14.645Z",
    "created_by": null,
    "updated_by": null
  }
},
{
  "model": "authorizations.user",
  "pk": 25,
  "fields": {
    "password": "pbkdf2_sha256$870000$Wtk29YCM3qcizKezizJrVE$Wp4uGE+EXy3bbnj+gntGvVfp/008FsxBHXVOgvi9KsY=",
    "last_login": null,
    "is_superuser": false,
    "username": "kristinadavis@gmail.com",
    "first_name": "Nathan",
    "last_name": "Sullivan",
    "email": "kristinadavis@gmail.com",
    "is_staff": false,
    "is_active": true,
    "date_joined": "2025-02-10T10:21:14.649Z",
    "membership": 31913662,
    "membership_expiration": "2028-11-18",
    "address": "38620 Andre Divide",
    "address2": "",
    "city": "West Nicole",
    "state_province": "British Columbia",
    "postal_code": "12021",
    "country": "Canada",
    "birthday": "1981-01-12",
    "has_logged_in": false,
    "groups": [],
    "user_permissions": [],
    "phone_number": [],
    "waiver_expiration": null,
    "background_check_expiration": null,
    "created_at": "2025-02-10T10:21:14.649Z",
    "updated_at": "2025-02-10T10:21:14.649Z",
    "created_by": null,
    "updated_by": null
  }
},
{
  "model": "authorizations.user",
  "pk": 26,
  "fields": {
    "password": "pbkdf2_sha256$870000$AQTKne5CoKvYKEqpVeDkZ0$8vaM29LTmfUfHwBdojauwRuvnFijqO7mdEFkG31EKxU=",
    "last_login": null,
    "is_superuser": false,
    "username": "sandersduane@hotmail.com",
    "first_name": "Brett",
    "last_name": "Garza",
    "email": "sandersduane@hotmail.com",
    "is_staff": false,
    "is_active": true,
    "date_joined": "2025-02-10T10:21:14.653Z",
    "membership": 68907107,
    "membership_expiration": "2024-10-10",
    "address": "8053 Barbara Place Suite 843",
    "address2": "Suite 760",
    "city": "West Tammy",
    "state_province": "Washington",
    "postal_code": "14876",
    "country": "United States",
    "birthday": null,
    "has_logged_in": false,
    "groups": [],
    "user_permissions": [],
    "phone_number": [],
    "waiver_expiration": null,
    "background_check_expiration": null,
    "created_at": "2025-02-10T10:21:14.653Z",
    "updated_at": "2025-02-10T10:21:14.653Z",
    "created_by": null,
    "updated_by": null
  }
},
{
  "model": "authorizations.user",
  "pk": 27,
  "fields": {
    "password": "pbkdf2_sha256$870000$Egm3SImPxVd00Z9pctZthL$ZWPh/5ANPmDU+cY4YcSrOSh4Z3K1JLYvWt5bylKLKqg=",
    "last_login": null,
    "is_superuser": false,
    "username": "cwhite@yahoo.com",
    "first_name": "Theresa",
    "last_name": "Castro",
    "email": "cwhite@yahoo.com",
    "is_staff": false,
    "is_active": true,
    "date_joined": "2025-02-10T10:21:14.657Z",
    "membership": 56149296,
    "membership_expiration": "2026-11-16",
    "address": "53516 Schmidt Skyway",
    "address2": "Apt. 093",
    "city": "Lake Barbaraberg",
    "state_province": "Washington",
    "postal_code": "65689",
    "country": "United States",
    "birthday": "2001-01-18",
    "has_logged_in": false,
    "groups": [],
    "user_permissions": [],
    "phone_number": [],
    "waiver_expiration": null,
    "background_check_expiration": null,
    "created_at": "2025-02-10T10:21:14.657Z",
    "updated_at": "2025-02-10T10:21:14.657Z",
    "created_by": null,
    "updated_by": null
  }
},
{
  "model": "authorizations.user",
  "pk": 28,
  "fields": {
    "password": "pbkdf2_sha256$870000$CE7ahDYwsMwCqSwijiwNfW$vX0kNuUmEWsHefrCeg1n3WsfUUI6X8y0lY7ARiJ3hgw=",
    "last_login": null,
    "is_superuser": false,
    "username": "charleschase@parker.com",
    "first_name": "Elizabeth",
    "last_name": "Cole",
    "email": "charleschase@parker.com",
    "is_staff": false,
    "is_active": true,
    "date_joined": "2025-02-10T10:21:14.661Z",
    "membership": 79100861,
    "membership_expiration": "2027-02-01",
    "address": "3513 Teresa Lock Apt. 656",
    "address2": "",
    "city": "Williamburgh",
    "state_province": "Oregon",
    "postal_code": "55267",
    "country": "United States",
    "birthday": "1989-05-27",
    "has_logged_in": false,
    "groups": [],
    "user_permissions": [],
    "phone_number": [],
    "waiver_expiration": null,
    "background_check_expiration": null,
    "created_at": "2025-02-10T10:21:14.661Z",
    "updated_at": "2025-02-10T10:21:14.661Z",
    "created_by": null,
    "updated_by": null
  }
},
{
  "model": "authorizations.user",
  "pk": 29,
  "fields": {
    "password": "pbkdf2_sha256$870000$F2ENCmXfH8QtTI97xpSSsy$gIgrYKTceuWD5B6KQdEak/3r/c/U4lGe2m/4FS8oGwM=",
    "last_login": null,
    "is_superuser": false,
    "username": "edwin97@yahoo.com",
    "first_name": "Tyler",
    "last_name": "Wagner",
    "email": "edwin97@yahoo.com",
    "is_staff": false,
    "is_active": true,
    "date_joined": "2025-02-10T10:21:14.665Z",
    "membership": 51566283,
    "membership_expiration": "2028-12-04",
    "address": "07281 Barrett Roads Apt. 634",
    "address2": "",
    "city": "Longmouth",
    "state_province": "Oregon",
    "postal_code": "46979",
    "country": "United States",
    "birthday": "2002-03-08",
    "has_logged_in": false,
    "groups": [],
    "user_permissions": [],
    "phone_number": [],
    "waiver_expiration": null,
    "background_check_expiration": null,
    "created_at": "2025-02-10T10:21:14.665Z",
    "updated_at": "2025-02-10T10:21:14.665Z",
    "created_by": null,
    "updated_by": null
  }
},
{
  "model": "authorizations.user",
  "pk": 30,
  "fields": {
    "password": "pbkdf2_sha256$870000$Jf9eEiphVCIx8qsoTLCw60$1v9P5taNGR7vjv056KhQOCrlDk3Sl7hQCCCCE/MEuKE=",
    "last_login": null,
    "is_superuser": false,
    "username": "leonardgarcia@galloway.com",
    "first_name": "Harold",
    "last_name": "Snyder",
    "email": "leonardgarcia@galloway.com",
    "is_staff": false,
    "is_active": true,
    "date_joined": "2025-02-10T10:21:14.669Z",
    "membership": 17111275,
    "membership_expiration": "2027-11-14",
    "address": "1308 Combs Mountain",
    "address2": "Apt. 895",
    "city": "Jeffreymouth",
    "state_province": "Washington",
    "postal_code": "11548",
    "country": "United States",
    "birthday": "1999-02-22",
    "has_logged_in": false,
    "groups": [],
    "user_permissions": [],
    "phone_number": [],
    "waiver_expiration": null,
    "background_check_expiration": null,
    "created_at": "2025-02-10T10:21:14.669Z",
    "updated_at": "2025-02-10T10:21:14.669Z",
    "created_by": null,
    "updated_by": null
  }
},
{
  "model": "authorizations.user",
  "pk": 31,
  "fields": {
    "password": "pbkdf2_sha256$870000$dSNZjUE5k4UqZm9ccTGB9k$XmWsGkawSIJj12aOLg6IGD8laalQX1NKdhw5i2M03ek=",
    "last_login": "2025-02-03T10:04:36.869Z",
    "is_superuser": false,
    "username": "Feradach",
    "first_name": "Don",
    "last_name": "Reynolds",
    "email": "viperzka@gmail.com",
    "is_staff": false,
    "is_active": true,
    "date_joined": "2025-02-03T10:03:17.944Z",
    "membership": 208364,
    "membership_expiration": "2026-02-28",
    "address": "372 Wilson Road",
    "address2": "",
    "city": "Central Point",
    "state_province": "Oregon",
    "postal_code": "97502",
    "country": "United States",
    "birthday": "1983-08-27",
    "has_logged_in": true,
    "groups": [],
    "user_permissions": [],
    "phone_number": [],
    "waiver_expiration": null,
    "background_check_expiration": null,
    "created_at": "2025-02-10T10:21:14.669Z",
    "updated_at": "2025-02-10T10:21:14.669Z",
    "created_by": null,
    "updated_by": null
  }
},
{
  "model": "authorizations.user",
  "pk": 32,
  "fields": {
    "password": "pbkdf2_sha256$870000$627kiQBnJ1yUj7194WdCpg$LVU+WBh1cSvxh7AAzMUwRT74bcY1hhVG6nZZH4M5mL8=",
    "last_login": null,
    "is_superuser": false,
    "username": "bobbinweavecreations@gmail.com",
    "first_name": "Tamra",
    "last_name": "Perry",
    "email": "bobbinweavecreations@gmail.com",
    "is_staff": false,
    "is_active": true,
    "date_joined": "2025-02-03T10:06:53.667Z",
    "membership": 1245667,
    "membership_expiration": "2026-02-28",
    "address": "372 Wilson Road",
    "address2": "",
    "city": "Central Point",
    "state_province": "Oregon",
    "postal_code": "97502",
    "country": "United States",
    "birthday": "1983-03-08",
    "has_logged_in": false,
    "groups": [],
    "user_permissions": [],
    "phone_number": [],
    "waiver_expiration": null,
    "background_check_expiration": null,
    "created_at": "2025-02-10T10:21:14.669Z",
    "updated_at": "2025-02-10T10:21:14.669Z",
    "created_by": null,
    "updated_by": null
  }
},
{
  "model": "authorizations.user",
  "pk": 33,
  "fields": {
    "password": "pbkdf2_sha256$870000$lYPB0fFHRkCGmLvSUHLJsn$cRTkXjuUM1yzTsIj47um9e2F3SLmJeI/CTpJH+roawo=",
    "last_login": null,
    "is_superuser": false,
    "username": "piaras2013@gmail.com",
    "first_name": "Daniel",
    "last_name": "Tharp",
    "email": "piaras2013@gmail.com",
    "is_staff": false,
    "is_active": true,
    "date_joined": "2025-02-03T20:26:44.849Z",
    "membership": 454545454,
    "membership_expiration": "2026-02-28",
    "address": "372 Wilson Road",
    "address2": "",
    "city": "Central Point",
    "state_province": "Oregon",
    "postal_code": "97502",
    "country": "United States",
    "birthday": "1983-06-02",
    "has_logged_in": true,
    "groups": [],
    "user_permissions": [],
    "phone_number": [],
    "waiver_expiration": null,
    "background_check_expiration": null,
    "created_at": "2025-02-10T10:21:14.669Z",
    "updated_at": "2025-02-10T10:21:14.669Z",
    "created_by": null,
    "updated_by": null
  }
},
{
  "model": "authorizations.user",
  "pk": 34,
  "fields": {
    "password": "pbkdf2_sha256$870000$8TazM58s5sBndMWYmcbHIz$D6ozAZolVfWaUhh24MRwiUfXKjXokTnXapc/ZWYHAic=",
    "last_login": null,
    "is_superuser": false,
    "username": "earlmarshal@antir.org",
    "first_name": "Earl",
    "last_name": "Marshal",
    "email": "earlmarshal@antir.org",
    "is_staff": false,
    "is_active": true,
    "date_joined": "2025-02-10T11:44:15.038Z",
    "membership": 654354,
    "membership_expiration": "2030-01-01",
    "address": "123",
    "address2": "",
    "city": "An Tir",
    "state_province": "Oregon",
    "postal_code": "123456",
    "country": "United States",
    "birthday": null,
    "has_logged_in": false,
    "groups": [],
    "user_permissions": [],
    "phone_number": [],
    "waiver_expiration": null,
    "background_check_expiration": null,
    "created_at": "2025-02-10T11:44:15.038Z",
    "updated_at": "2025-02-10T11:44:15.038Z",
    "created_by": null,
    "updated_by": null
  }
},
{
  "model": "authorizations.user",
  "pk": 35,
  "fields": {
    "password": "pbkdf2_sha256$870000$kwx1QjIcehQzNXuBu0AOkH$q6N3KpZDJV1wXtBkE/ldNI7HyNLHCgBJdvDxgEiOzDQ=",
    "last_login": null,
    "is_superuser": false,
    "username": "seneschal@antir.org",
    "first_name": "An Tir",
    "last_name": "Seneschal",
    "email": "don.k.a.reynolds@outlook.com",
    "is_staff": false,
    "is_active": true,
    "date_joined": "2025-02-10T11:46:17.501Z",
    "membership": 65435177,
    "membership_expiration": "2030-01-01",
    "address": "123",
    "address2": "",
    "city": "An Tir",
    "state_province": "British Columbia",
    "postal_code": "1231465",
    "country": "Canada",
    "birthday": null,
    "has_logged_in": false,
    "groups": [],
    "user_permissions": [],
    "phone_number": [],
    "waiver_expiration": null,
    "background_check_expiration": null,
    "created_at": "2025-02-10T11:46:17.501Z",
    "updated_at": "2025-02-10T11:46:17.501Z",
    "created_by": null,
    "updated_by": null
  }
},
{
  "model": "authorizations.user",
  "pk": 36,
  "fields": {
    "password": "pbkdf2_sha256$870000$GMceuoZAFsrywmbKGteqCX$fEh/ybBXQ7LUj7Th0AvAG4jtZIRCOdgZDGhaCclk/EA=",
    "last_login": null,
    "is_superuser": false,
    "username": "marshal.authorizations@antir.org",
    "first_name": "Authorization",
    "last_name": "Officer",
    "email": "marshal.authorizations@antir.org",
    "is_staff": false,
    "is_active": true,
    "date_joined": "2025-02-10T11:48:56.831Z",
    "membership": 5634877691,
    "membership_expiration": "2030-01-01",
    "address": "123",
    "address2": "",
    "city": "An Tir",
    "state_province": "Washington",
    "postal_code": "132465",
    "country": "United States",
    "birthday": null,
    "has_logged_in": false,
    "groups": [],
    "user_permissions": [],
    "phone_number": [],
    "waiver_expiration": null,
    "background_check_expiration": null,
    "created_at": "2025-02-10T11:48:56.831Z",
    "updated_at": "2025-02-10T11:48:56.831Z",
    "created_by": null,
    "updated_by": null
  }
},
{
  "model": "authorizations.branch",
  "pk": 1,
  "fields": {
    "name": "An Tir",
    "region": null,
    "type": "Kingdom",
    "created_at": "2025-02-10T11:48:56.831Z",
    "updated_at": "2025-02-10T11:48:56.831Z",
    "created_by": null,
    "updated_by": null
  }
},
{
  "model": "authorizations.branch",
  "pk": 2,
  "fields": {
    "name": "Summits",
    "region": 1,
    "type": "Principality",
    "created_at": "2025-02-10T11:48:56.831Z",
    "updated_at": "2025-02-10T11:48:56.831Z",
    "created_by": null,
    "updated_by": null
  }
},
{
  "model": "authorizations.branch",
  "pk": 3,
  "fields": {
    "name": "Tir Righ",
    "region": 1,
    "type": "Principality",
    "created_at": "2025-02-10T11:48:56.831Z",
    "updated_at": "2025-02-10T11:48:56.831Z",
    "created_by": null,
    "updated_by": null
  }
},
{
  "model": "authorizations.branch",
  "pk": 4,
  "fields": {
    "name": "Central",
    "region": 1,
    "type": "Region",
    "created_at": "2025-02-10T11:48:56.831Z",
    "updated_at": "2025-02-10T11:48:56.831Z",
    "created_by": null,
    "updated_by": null
  }
},
{
  "model": "authorizations.branch",
  "pk": 5,
  "fields": {
    "name": "Inlands",
    "region": 1,
    "type": "Region",
    "created_at": "2025-02-10T11:48:56.831Z",
    "updated_at": "2025-02-10T11:48:56.831Z",
    "created_by": null,
    "updated_by": null
  }
},
{
  "model": "authorizations.branch",
  "pk": 6,
  "fields": {
    "name": "Rivers",
    "region": 1,
    "type": "Region",
    "created_at": "2025-02-10T11:48:56.831Z",
    "updated_at": "2025-02-10T11:48:56.831Z",
    "created_by": null,
    "updated_by": null
  }
},
{
  "model": "authorizations.branch",
  "pk": 7,
  "fields": {
    "name": "Avacal",
    "region": null,
    "type": "Kingdom",
    "created_at": "2025-02-10T11:48:56.831Z",
    "updated_at": "2025-02-10T11:48:56.831Z",
    "created_by": null,
    "updated_by": null
  }
},
{
  "model": "authorizations.branch",
  "pk": 8,
  "fields": {
    "name": "Other",
    "region": null,
    "type": "Other",
    "created_at": "2025-02-10T11:48:56.831Z",
    "updated_at": "2025-02-10T11:48:56.831Z",
    "created_by": null,
    "updated_by": null
  }
},
{
  "model": "authorizations.branch",
  "pk": 9,
  "fields": {
    "name": "Mountain Edge",
    "region": 2,
    "type": "Shire",
    "created_at": "2025-02-10T11:48:56.831Z",
    "updated_at": "2025-02-10T11:48:56.831Z",
    "created_by": null,
    "updated_by": null
  }
},
{
  "model": "authorizations.branch",
  "pk": 10,
  "fields": {
    "name": "Tymberhavene",
    "region": 2,
    "type": "Shire",
    "created_at": "2025-02-10T11:48:56.831Z",
    "updated_at": "2025-02-10T11:48:56.831Z",
    "created_by": null,
    "updated_by": null
  }
},
{
  "model": "authorizations.branch",
  "pk": 11,
  "fields": {
    "name": "Terra Pomaria",
    "region": 2,
    "type": "Barony",
    "created_at": "2025-02-10T11:48:56.831Z",
    "updated_at": "2025-02-10T11:48:56.831Z",
    "created_by": null,
    "updated_by": null
  }
},
{
  "model": "authorizations.branch",
  "pk": 12,
  "fields": {
    "name": "Southmarch",
    "region": 2,
    "type": "Shire",
    "created_at": "2025-02-10T11:48:56.831Z",
    "updated_at": "2025-02-10T11:48:56.831Z",
    "created_by": null,
    "updated_by": null
  }
},
{
  "model": "authorizations.branch",
  "pk": 13,
  "fields": {
    "name": "Myrtle Holt",
    "region": 2,
    "type": "Shire",
    "created_at": "2025-02-10T11:48:56.831Z",
    "updated_at": "2025-02-10T11:48:56.831Z",
    "created_by": null,
    "updated_by": null
  }
},
{
  "model": "authorizations.branch",
  "pk": 14,
  "fields": {
    "name": "Glyn Dwfn",
    "region": 2,
    "type": "Shire",
    "created_at": "2025-02-10T11:48:56.831Z",
    "updated_at": "2025-02-10T11:48:56.831Z",
    "created_by": null,
    "updated_by": null
  }
},
{
  "model": "authorizations.branch",
  "pk": 15,
  "fields": {
    "name": "Corvaria",
    "region": 2,
    "type": "Shire",
    "created_at": "2025-02-10T11:48:56.831Z",
    "updated_at": "2025-02-10T11:48:56.831Z",
    "created_by": null,
    "updated_by": null
  }
},
{
  "model": "authorizations.branch",
  "pk": 16,
  "fields": {
    "name": "Coeur du Val",
    "region": 2,
    "type": "Shire",
    "created_at": "2025-02-10T11:48:56.831Z",
    "updated_at": "2025-02-10T11:48:56.831Z",
    "created_by": null,
    "updated_by": null
  }
},
{
  "model": "authorizations.branch",
  "pk": 17,
  "fields": {
    "name": "Briaroak",
    "region": 2,
    "type": "Shire",
    "created_at": "2025-02-10T11:48:56.831Z",
    "updated_at": "2025-02-10T11:48:56.831Z",
    "created_by": null,
    "updated_by": null
  }
},
{
  "model": "authorizations.branch",
  "pk": 18,
  "fields": {
    "name": "Adiantum",
    "region": 2,
    "type": "Barony",
    "created_at": "2025-02-10T11:48:56.831Z",
    "updated_at": "2025-02-10T11:48:56.831Z",
    "created_by": null,
    "updated_by": null
  }
},
{
  "model": "authorizations.branch",
  "pk": 19,
  "fields": {
    "name": "Tir Bannog",
    "region": 3,
    "type": "Shire",
    "created_at": "2025-02-10T11:48:56.831Z",
    "updated_at": "2025-02-10T11:48:56.831Z",
    "created_by": null,
    "updated_by": null
  }
},
{
  "model": "authorizations.branch",
  "pk": 20,
  "fields": {
    "name": "Thornwold",
    "region": 3,
    "type": "Shire",
    "created_at": "2025-02-10T11:48:56.831Z",
    "updated_at": "2025-02-10T11:48:56.831Z",
    "created_by": null,
    "updated_by": null
  }
},
{
  "model": "authorizations.branch",
  "pk": 21,
  "fields": {
    "name": "Seagirt",
    "region": 3,
    "type": "Barony",
    "created_at": "2025-02-10T11:48:56.831Z",
    "updated_at": "2025-02-10T11:48:56.831Z",
    "created_by": null,
    "updated_by": null
  }
},
{
  "model": "authorizations.branch",
  "pk": 22,
  "fields": {
    "name": "Ramsgaard",
    "region": 3,
    "type": "Shire",
    "created_at": "2025-02-10T11:48:56.831Z",
    "updated_at": "2025-02-10T11:48:56.831Z",
    "created_by": null,
    "updated_by": null
  }
},
{
  "model": "authorizations.branch",
  "pk": 23,
  "fields": {
    "name": "Lionsdale",
    "region": 3,
    "type": "Shire",
    "created_at": "2025-02-10T11:48:56.831Z",
    "updated_at": "2025-02-10T11:48:56.831Z",
    "created_by": null,
    "updated_by": null
  }
},
{
  "model": "authorizations.branch",
  "pk": 24,
  "fields": {
    "name": "Lions Gate",
    "region": 3,
    "type": "Barony",
    "created_at": "2025-02-10T11:48:56.831Z",
    "updated_at": "2025-02-10T11:48:56.831Z",
    "created_by": null,
    "updated_by": null
  }
},
{
  "model": "authorizations.branch",
  "pk": 25,
  "fields": {
    "name": "Krakafjord",
    "region": 3,
    "type": "Shire",
    "created_at": "2025-02-10T11:48:56.831Z",
    "updated_at": "2025-02-10T11:48:56.831Z",
    "created_by": null,
    "updated_by": null
  }
},
{
  "model": "authorizations.branch",
  "pk": 26,
  "fields": {
    "name": "Hartwood",
    "region": 3,
    "type": "Shire",
    "created_at": "2025-02-10T11:48:56.831Z",
    "updated_at": "2025-02-10T11:48:56.831Z",
    "created_by": null,
    "updated_by": null
  }
},
{
  "model": "authorizations.branch",
  "pk": 27,
  "fields": {
    "name": "Danescombe",
    "region": 3,
    "type": "Shire",
    "created_at": "2025-02-10T11:48:56.831Z",
    "updated_at": "2025-02-10T11:48:56.831Z",
    "created_by": null,
    "updated_by": null
  }
},
{
  "model": "authorizations.branch",
  "pk": 28,
  "fields": {
    "name": "Cold Keep",
    "region": 3,
    "type": "Shire",
    "created_at": "2025-02-10T11:48:56.831Z",
    "updated_at": "2025-02-10T11:48:56.831Z",
    "created_by": null,
    "updated_by": null
  }
},
{
  "model": "authorizations.branch",
  "pk": 29,
  "fields": {
    "name": "Coill Mhór",
    "region": 3,
    "type": "Shire",
    "created_at": "2025-02-10T11:48:56.831Z",
    "updated_at": "2025-02-10T11:48:56.831Z",
    "created_by": null,
    "updated_by": null
  }
},
{
  "model": "authorizations.branch",
  "pk": 30,
  "fields": {
    "name": "Appledore",
    "region": 3,
    "type": "Shire",
    "created_at": "2025-02-10T11:48:56.831Z",
    "updated_at": "2025-02-10T11:48:56.831Z",
    "created_by": null,
    "updated_by": null
  }
},
{
  "model": "authorizations.branch",
  "pk": 31,
  "fields": {
    "name": "Stromgard",
    "region": 4,
    "type": "Barony",
    "created_at": "2025-02-10T11:48:56.831Z",
    "updated_at": "2025-02-10T11:48:56.831Z",
    "created_by": null,
    "updated_by": null
  }
},
{
  "model": "authorizations.branch",
  "pk": 32,
  "fields": {
    "name": "River’s Bend",
    "region": 4,
    "type": "Shire",
    "created_at": "2025-02-10T11:48:56.831Z",
    "updated_at": "2025-02-10T11:48:56.831Z",
    "created_by": null,
    "updated_by": null
  }
},
{
  "model": "authorizations.branch",
  "pk": 33,
  "fields": {
    "name": "Kaldor Ness",
    "region": 4,
    "type": "Canton",
    "created_at": "2025-02-10T11:48:56.831Z",
    "updated_at": "2025-02-10T11:48:56.831Z",
    "created_by": null,
    "updated_by": null
  }
},
{
  "model": "authorizations.branch",
  "pk": 34,
  "fields": {
    "name": "Three Mountains",
    "region": 4,
    "type": "Barony",
    "created_at": "2025-02-10T11:48:56.831Z",
    "updated_at": "2025-02-10T11:48:56.831Z",
    "created_by": null,
    "updated_by": null
  }
},
{
  "model": "authorizations.branch",
  "pk": 35,
  "fields": {
    "name": "Hauksgarðr",
    "region": 4,
    "type": "Shire",
    "created_at": "2025-02-10T11:48:56.831Z",
    "updated_at": "2025-02-10T11:48:56.831Z",
    "created_by": null,
    "updated_by": null
  }
},
{
  "model": "authorizations.branch",
  "pk": 36,
  "fields": {
    "name": "Fire Mountain Keep",
    "region": 4,
    "type": "Shire",
    "created_at": "2025-02-10T11:48:56.831Z",
    "updated_at": "2025-02-10T11:48:56.831Z",
    "created_by": null,
    "updated_by": null
  }
},
{
  "model": "authorizations.branch",
  "pk": 37,
  "fields": {
    "name": "Dragon’s Mist",
    "region": 4,
    "type": "Barony",
    "created_at": "2025-02-10T11:48:56.831Z",
    "updated_at": "2025-02-10T11:48:56.831Z",
    "created_by": null,
    "updated_by": null
  }
},
{
  "model": "authorizations.branch",
  "pk": 38,
  "fields": {
    "name": "Wyewood",
    "region": 4,
    "type": "Barony",
    "created_at": "2025-02-10T11:48:56.831Z",
    "updated_at": "2025-02-10T11:48:56.831Z",
    "created_by": null,
    "updated_by": null
  }
},
{
  "model": "authorizations.branch",
  "pk": 39,
  "fields": {
    "name": "Porte de l’Eau",
    "region": 4,
    "type": "Canton",
    "created_at": "2025-02-10T11:48:56.831Z",
    "updated_at": "2025-02-10T11:48:56.831Z",
    "created_by": null,
    "updated_by": null
  }
},
{
  "model": "authorizations.branch",
  "pk": 40,
  "fields": {
    "name": "Madrone",
    "region": 4,
    "type": "Barony",
    "created_at": "2025-02-10T11:48:56.831Z",
    "updated_at": "2025-02-10T11:48:56.831Z",
    "created_by": null,
    "updated_by": null
  }
},
{
  "model": "authorizations.branch",
  "pk": 41,
  "fields": {
    "name": "Misty Ridge",
    "region": 4,
    "type": "Canton",
    "created_at": "2025-02-10T11:48:56.831Z",
    "updated_at": "2025-02-10T11:48:56.831Z",
    "created_by": null,
    "updated_by": null
  }
},
{
  "model": "authorizations.branch",
  "pk": 42,
  "fields": {
    "name": "Dragons Laire",
    "region": 4,
    "type": "Barony",
    "created_at": "2025-02-10T11:48:56.831Z",
    "updated_at": "2025-02-10T11:48:56.831Z",
    "created_by": null,
    "updated_by": null
  }
},
{
  "model": "authorizations.branch",
  "pk": 43,
  "fields": {
    "name": "Glymm Mere",
    "region": 4,
    "type": "Barony",
    "created_at": "2025-02-10T11:48:56.831Z",
    "updated_at": "2025-02-10T11:48:56.831Z",
    "created_by": null,
    "updated_by": null
  }
},
{
  "model": "authorizations.branch",
  "pk": 44,
  "fields": {
    "name": "Blatha an Oir",
    "region": 4,
    "type": "Barony",
    "created_at": "2025-02-10T11:48:56.831Z",
    "updated_at": "2025-02-10T11:48:56.831Z",
    "created_by": null,
    "updated_by": null
  }
},
{
  "model": "authorizations.branch",
  "pk": 45,
  "fields": {
    "name": "Caladphort",
    "region": 4,
    "type": "Canton",
    "created_at": "2025-02-10T11:48:56.831Z",
    "updated_at": "2025-02-10T11:48:56.831Z",
    "created_by": null,
    "updated_by": null
  }
},
{
  "model": "authorizations.branch",
  "pk": 46,
  "fields": {
    "name": "Aquaterra",
    "region": 4,
    "type": "Barony",
    "created_at": "2025-02-10T11:48:56.831Z",
    "updated_at": "2025-02-10T11:48:56.831Z",
    "created_by": null,
    "updated_by": null
  }
},
{
  "model": "authorizations.branch",
  "pk": 47,
  "fields": {
    "name": "Ambergard",
    "region": 4,
    "type": "Shire",
    "created_at": "2025-02-10T11:48:56.831Z",
    "updated_at": "2025-02-10T11:48:56.831Z",
    "created_by": null,
    "updated_by": null
  }
},
{
  "model": "authorizations.branch",
  "pk": 48,
  "fields": {
    "name": "Vulcanfeldt",
    "region": 5,
    "type": "Barony",
    "created_at": "2025-02-10T11:48:56.831Z",
    "updated_at": "2025-02-10T11:48:56.831Z",
    "created_by": null,
    "updated_by": null
  }
},
{
  "model": "authorizations.branch",
  "pk": 49,
  "fields": {
    "name": "Silverhart",
    "region": 5,
    "type": "Canton",
    "created_at": "2025-02-10T11:48:56.831Z",
    "updated_at": "2025-02-10T11:48:56.831Z",
    "created_by": null,
    "updated_by": null
  }
},
{
  "model": "authorizations.branch",
  "pk": 50,
  "fields": {
    "name": "Wealdsmere",
    "region": 5,
    "type": "Barony",
    "created_at": "2025-02-10T11:48:56.831Z",
    "updated_at": "2025-02-10T11:48:56.831Z",
    "created_by": null,
    "updated_by": null
  }
},
{
  "model": "authorizations.branch",
  "pk": 51,
  "fields": {
    "name": "Lyonsmarche",
    "region": 5,
    "type": "College",
    "created_at": "2025-02-10T11:48:56.831Z",
    "updated_at": "2025-02-10T11:48:56.831Z",
    "created_by": null,
    "updated_by": null
  }
},
{
  "model": "authorizations.branch",
  "pk": 52,
  "fields": {
    "name": "Cranehaven",
    "region": 5,
    "type": "College",
    "created_at": "2025-02-10T11:48:56.831Z",
    "updated_at": "2025-02-10T11:48:56.831Z",
    "created_by": null,
    "updated_by": null
  }
},
{
  "model": "authorizations.branch",
  "pk": 53,
  "fields": {
    "name": "Wastekeep",
    "region": 5,
    "type": "Barony",
    "created_at": "2025-02-10T11:48:56.831Z",
    "updated_at": "2025-02-10T11:48:56.831Z",
    "created_by": null,
    "updated_by": null
  }
},
{
  "model": "authorizations.branch",
  "pk": 54,
  "fields": {
    "name": "Akornebir",
    "region": 5,
    "type": "Canton",
    "created_at": "2025-02-10T11:48:56.831Z",
    "updated_at": "2025-02-10T11:48:56.831Z",
    "created_by": null,
    "updated_by": null
  }
},
{
  "model": "authorizations.branch",
  "pk": 55,
  "fields": {
    "name": "Stromgard",
    "region": 6,
    "type": "Barony",
    "created_at": "2025-02-10T11:48:56.831Z",
    "updated_at": "2025-02-10T11:48:56.831Z",
    "created_by": null,
    "updated_by": null
  }
},
{
  "model": "authorizations.branch",
  "pk": 56,
  "fields": {
    "name": "River’s Bend",
    "region": 6,
    "type": "Shire",
    "created_at": "2025-02-10T11:48:56.831Z",
    "updated_at": "2025-02-10T11:48:56.831Z",
    "created_by": null,
    "updated_by": null
  }
},
{
  "model": "authorizations.branch",
  "pk": 57,
  "fields": {
    "name": "Kaldor Ness",
    "region": 6,
    "type": "Canton",
    "created_at": "2025-02-10T11:48:56.831Z",
    "updated_at": "2025-02-10T11:48:56.831Z",
    "created_by": null,
    "updated_by": null
  }
},
{
  "model": "authorizations.branch",
  "pk": 58,
  "fields": {
    "name": "Three Mountains",
    "region": 6,
    "type": "Barony",
    "created_at": "2025-02-10T11:48:56.831Z",
    "updated_at": "2025-02-10T11:48:56.831Z",
    "created_by": null,
    "updated_by": null
  }
},
{
  "model": "authorizations.branch",
  "pk": 59,
  "fields": {
    "name": "Hauksgarðr",
    "region": 6,
    "type": "Shire",
    "created_at": "2025-02-10T11:48:56.831Z",
    "updated_at": "2025-02-10T11:48:56.831Z",
    "created_by": null,
    "updated_by": null
  }
},
{
  "model": "authorizations.branch",
  "pk": 60,
  "fields": {
    "name": "Fire Mountain Keep",
    "region": 6,
    "type": "Shire",
    "created_at": "2025-02-10T11:48:56.831Z",
    "updated_at": "2025-02-10T11:48:56.831Z",
    "created_by": null,
    "updated_by": null
  }
},
{
  "model": "authorizations.branch",
  "pk": 61,
  "fields": {
    "name": "Dragon’s Mist",
    "region": 6,
    "type": "Barony",
    "created_at": "2025-02-10T11:48:56.831Z",
    "updated_at": "2025-02-10T11:48:56.831Z",
    "created_by": null,
    "updated_by": null
  }
},
  {
  "model": "authorizations.title",
  "pk": 1,
  "fields": {
    "name": "Duke",
    "rank": "Ducal",
    "created_at": "2025-02-10T11:48:56.831Z",
    "updated_at": "2025-02-10T11:48:56.831Z",
    "created_by": null,
    "updated_by": null
  }
},
{
  "model": "authorizations.title",
  "pk": 2,
  "fields": {
    "name": "Duchess",
    "rank": "Ducal",
    "created_at": "2025-02-10T11:48:56.831Z",
    "updated_at": "2025-02-10T11:48:56.831Z",
    "created_by": null,
    "updated_by": null
  }
},
{
  "model": "authorizations.title",
  "pk": 3,
  "fields": {
    "name": "Count",
    "rank": "County",
    "created_at": "2025-02-10T11:48:56.831Z",
    "updated_at": "2025-02-10T11:48:56.831Z",
    "created_by": null,
    "updated_by": null
  }
},
{
  "model": "authorizations.title",
  "pk": 4,
  "fields": {
    "name": "Countess",
    "rank": "County",
    "created_at": "2025-02-10T11:48:56.831Z",
    "updated_at": "2025-02-10T11:48:56.831Z",
    "created_by": null,
    "updated_by": null
  }
},
{
  "model": "authorizations.title",
  "pk": 5,
  "fields": {
    "name": "Viscount",
    "rank": "Viscounty",
    "created_at": "2025-02-10T11:48:56.831Z",
    "updated_at": "2025-02-10T11:48:56.831Z",
    "created_by": null,
    "updated_by": null
  }
},
{
  "model": "authorizations.title",
  "pk": 6,
  "fields": {
    "name": "Viscountess",
    "rank": "Viscounty",
    "created_at": "2025-02-10T11:48:56.831Z",
    "updated_at": "2025-02-10T11:48:56.831Z",
    "created_by": null,
    "updated_by": null
  }
},
{
  "model": "authorizations.title",
  "pk": 7,
  "fields": {
    "name": "Sir",
    "rank": "Peerage",
    "created_at": "2025-02-10T11:48:56.831Z",
    "updated_at": "2025-02-10T11:48:56.831Z",
    "created_by": null,
    "updated_by": null
  }
},
{
  "model": "authorizations.title",
  "pk": 8,
  "fields": {
    "name": "Dame",
    "rank": "Peerage",
    "created_at": "2025-02-10T11:48:56.831Z",
    "updated_at": "2025-02-10T11:48:56.831Z",
    "created_by": null,
    "updated_by": null
  }
},
{
  "model": "authorizations.title",
  "pk": 9,
  "fields": {
    "name": "Master",
    "rank": "Peerage",
    "created_at": "2025-02-10T11:48:56.831Z",
    "updated_at": "2025-02-10T11:48:56.831Z",
    "created_by": null,
    "updated_by": null
  }
},
{
  "model": "authorizations.title",
  "pk": 10,
  "fields": {
    "name": "Maestra",
    "rank": "Peerage",
    "created_at": "2025-02-10T11:48:56.831Z",
    "updated_at": "2025-02-10T11:48:56.831Z",
    "created_by": null,
    "updated_by": null
  }
},
{
  "model": "authorizations.title",
  "pk": 11,
  "fields": {
    "name": "Baron",
    "rank": "Baronial",
    "created_at": "2025-02-10T11:48:56.831Z",
    "updated_at": "2025-02-10T11:48:56.831Z",
    "created_by": null,
    "updated_by": null
  }
},
{
  "model": "authorizations.title",
  "pk": 12,
  "fields": {
    "name": "Baroness",
    "rank": "Baronial",
    "created_at": "2025-02-10T11:48:56.831Z",
    "updated_at": "2025-02-10T11:48:56.831Z",
    "created_by": null,
    "updated_by": null
  }
},
{
  "model": "authorizations.title",
  "pk": 13,
  "fields": {
    "name": "Don",
    "rank": "Grant of Arms",
    "created_at": "2025-02-10T11:48:56.831Z",
    "updated_at": "2025-02-10T11:48:56.831Z",
    "created_by": null,
    "updated_by": null
  }
},
{
  "model": "authorizations.title",
  "pk": 14,
  "fields": {
    "name": "Dona",
    "rank": "Grant of Arms",
    "created_at": "2025-02-10T11:48:56.831Z",
    "updated_at": "2025-02-10T11:48:56.831Z",
    "created_by": null,
    "updated_by": null
  }
},
{
  "model": "authorizations.title",
  "pk": 15,
  "fields": {
    "name": "Honorable Lord",
    "rank": "Grant of Arms",
    "created_at": "2025-02-10T11:48:56.831Z",
    "updated_at": "2025-02-10T11:48:56.831Z",
    "created_by": null,
    "updated_by": null
  }
},
{
  "model": "authorizations.title",
  "pk": 16,
  "fields": {
    "name": "Honorable Lady",
    "rank": "Grant of Arms",
    "created_at": "2025-02-10T11:48:56.831Z",
    "updated_at": "2025-02-10T11:48:56.831Z",
    "created_by": null,
    "updated_by": null
  }
},
{
  "model": "authorizations.title",
  "pk": 17,
  "fields": {
    "name": "The Honorable",
    "rank": "Grant of Arms",
    "created_at": "2025-02-10T11:48:56.831Z",
    "updated_at": "2025-02-10T11:48:56.831Z",
    "created_by": null,
    "updated_by": null
  }
},
{
  "model": "authorizations.title",
  "pk": 18,
  "fields": {
    "name": "Lord",
    "rank": "Award of Arms",
    "created_at": "2025-02-10T11:48:56.831Z",
    "updated_at": "2025-02-10T11:48:56.831Z",
    "created_by": null,
    "updated_by": null
  }
},
{
  "model": "authorizations.title",
  "pk": 19,
  "fields": {
    "name": "Lady",
    "rank": "Award of Arms",
    "created_at": "2025-02-10T11:48:56.831Z",
    "updated_at": "2025-02-10T11:48:56.831Z",
    "created_by": null,
    "updated_by": null
  }
},
{
  "model": "authorizations.title",
  "pk": 20,
  "fields": {
    "name": "Gentle",
    "rank": "Award of Arms",
    "created_at": "2025-02-10T11:48:56.831Z",
    "updated_at": "2025-02-10T11:48:56.831Z",
    "created_by": null,
    "updated_by": null
  }
},
{
  "model": "authorizations.discipline",
  "pk": 1,
  "fields": {
    "name": "Authorization Officer",
    "created_at": "2025-02-10T11:48:56.831Z",
    "updated_at": "2025-02-10T11:48:56.831Z",
    "created_by": null,
    "updated_by": null
  }
},
{
  "model": "authorizations.discipline",
  "pk": 2,
  "fields": {
    "name": "Earl Marshal",
    "created_at": "2025-02-10T11:48:56.831Z",
    "updated_at": "2025-02-10T11:48:56.831Z",
    "created_by": null,
    "updated_by": null
  }
},
{
  "model": "authorizations.discipline",
  "pk": 3,
  "fields": {
    "name": "Archery",
    "created_at": "2025-02-10T11:48:56.831Z",
    "updated_at": "2025-02-10T11:48:56.831Z",
    "created_by": null,
    "updated_by": null
  }
},
{
  "model": "authorizations.discipline",
  "pk": 4,
  "fields": {
    "name": "Cut & Thrust",
    "created_at": "2025-02-10T11:48:56.831Z",
    "updated_at": "2025-02-10T11:48:56.831Z",
    "created_by": null,
    "updated_by": null
  }
},
{
  "model": "authorizations.discipline",
  "pk": 5,
  "fields": {
    "name": "Thrown Weapons",
    "created_at": "2025-02-10T11:48:56.831Z",
    "updated_at": "2025-02-10T11:48:56.831Z",
    "created_by": null,
    "updated_by": null
  }
},
{
  "model": "authorizations.discipline",
  "pk": 6,
  "fields": {
    "name": "Siege",
    "created_at": "2025-02-10T11:48:56.831Z",
    "updated_at": "2025-02-10T11:48:56.831Z",
    "created_by": null,
    "updated_by": null
  }
},
{
  "model": "authorizations.discipline",
  "pk": 7,
  "fields": {
    "name": "Missile",
    "created_at": "2025-02-10T11:48:56.831Z",
    "updated_at": "2025-02-10T11:48:56.831Z",
    "created_by": null,
    "updated_by": null
  }
},
{
  "model": "authorizations.discipline",
  "pk": 8,
  "fields": {
    "name": "Rapier",
    "created_at": "2025-02-10T11:48:56.831Z",
    "updated_at": "2025-02-10T11:48:56.831Z",
    "created_by": null,
    "updated_by": null
  }
},
{
  "model": "authorizations.discipline",
  "pk": 9,
  "fields": {
    "name": "Armored",
    "created_at": "2025-02-10T11:48:56.831Z",
    "updated_at": "2025-02-10T11:48:56.831Z",
    "created_by": null,
    "updated_by": null
  }
},
{
  "model": "authorizations.discipline",
  "pk": 10,
  "fields": {
    "name": "Equestrian",
    "created_at": "2025-02-10T11:48:56.831Z",
    "updated_at": "2025-02-10T11:48:56.831Z",
    "created_by": null,
    "updated_by": null
  }
},
{
  "model": "authorizations.discipline",
  "pk": 11,
  "fields": {
    "name": "Youth Armored",
    "created_at": "2025-02-10T11:48:56.831Z",
    "updated_at": "2025-02-10T11:48:56.831Z",
    "created_by": null,
    "updated_by": null
  }
},
{
  "model": "authorizations.discipline",
  "pk": 12,
  "fields": {
    "name": "Youth Rapier",
    "created_at": "2025-02-10T11:48:56.831Z",
    "updated_at": "2025-02-10T11:48:56.831Z",
    "created_by": null,
    "updated_by": null
  }
},
{
  "model": "authorizations.weaponstyle",
  "pk": 1,
  "fields": {
    "name": "Senior Marshal",
    "discipline": 3
  }
},
{
  "model": "authorizations.weaponstyle",
  "pk": 2,
  "fields": {
    "name": "Senior Marshal",
    "discipline": 4
  }
},
{
  "model": "authorizations.weaponstyle",
  "pk": 3,
  "fields": {
    "name": "Senior Marshal",
    "discipline": 5
  }
},
{
  "model": "authorizations.weaponstyle",
  "pk": 4,
  "fields": {
    "name": "Senior Marshal",
    "discipline": 6
  }
},
{
  "model": "authorizations.weaponstyle",
  "pk": 5,
  "fields": {
    "name": "Senior Marshal",
    "discipline": 7
  }
},
{
  "model": "authorizations.weaponstyle",
  "pk": 6,
  "fields": {
    "name": "Senior Marshal",
    "discipline": 8
  }
},
{
  "model": "authorizations.weaponstyle",
  "pk": 7,
  "fields": {
    "name": "Senior Marshal",
    "discipline": 9
  }
},
{
  "model": "authorizations.weaponstyle",
  "pk": 8,
  "fields": {
    "name": "Senior Marshal",
    "discipline": 10
  }
},
{
  "model": "authorizations.weaponstyle",
  "pk": 9,
  "fields": {
    "name": "Senior Marshal",
    "discipline": 11
  }
},
{
  "model": "authorizations.weaponstyle",
  "pk": 10,
  "fields": {
    "name": "Senior Marshal",
    "discipline": 12
  }
},
{
  "model": "authorizations.weaponstyle",
  "pk": 11,
  "fields": {
    "name": "Junior Marshal",
    "discipline": 3
  }
},
{
  "model": "authorizations.weaponstyle",
  "pk": 12,
  "fields": {
    "name": "Junior Marshal",
    "discipline": 4
  }
},
{
  "model": "authorizations.weaponstyle",
  "pk": 13,
  "fields": {
    "name": "Junior Marshal",
    "discipline": 5
  }
},
{
  "model": "authorizations.weaponstyle",
  "pk": 14,
  "fields": {
    "name": "Junior Marshal",
    "discipline": 6
  }
},
{
  "model": "authorizations.weaponstyle",
  "pk": 15,
  "fields": {
    "name": "Junior Marshal",
    "discipline": 7
  }
},
{
  "model": "authorizations.weaponstyle",
  "pk": 16,
  "fields": {
    "name": "Junior Marshal",
    "discipline": 8
  }
},
{
  "model": "authorizations.weaponstyle",
  "pk": 17,
  "fields": {
    "name": "Junior Marshal",
    "discipline": 9
  }
},
{
  "model": "authorizations.weaponstyle",
  "pk": 18,
  "fields": {
    "name": "Junior Marshal",
    "discipline": 10
  }
},
{
  "model": "authorizations.weaponstyle",
  "pk": 19,
  "fields": {
    "name": "Junior Marshal",
    "discipline": 11
  }
},
{
  "model": "authorizations.weaponstyle",
  "pk": 20,
  "fields": {
    "name": "Junior Marshal",
    "discipline": 12
  }
},
{
  "model": "authorizations.weaponstyle",
  "pk": 21,
  "fields": {
    "name": "Single Sword",
    "discipline": 4
  }
},
{
  "model": "authorizations.weaponstyle",
  "pk": 22,
  "fields": {
    "name": "Sword & Offensive Secondary",
    "discipline": 4
  }
},
{
  "model": "authorizations.weaponstyle",
  "pk": 23,
  "fields": {
    "name": "Sword & Defensive Secondary",
    "discipline": 4
  }
},
{
  "model": "authorizations.weaponstyle",
  "pk": 24,
  "fields": {
    "name": "Two-Handed Sword",
    "discipline": 4
  }
},
{
  "model": "authorizations.weaponstyle",
  "pk": 25,
  "fields": {
    "name": "Spear",
    "discipline": 4
  }
},
{
  "model": "authorizations.weaponstyle",
  "pk": 26,
  "fields": {
    "name": "Siege Crew",
    "discipline": 6
  }
},
{
  "model": "authorizations.weaponstyle",
  "pk": 27,
  "fields": {
    "name": "Bow & Arrow",
    "discipline": 7
  }
},
{
  "model": "authorizations.weaponstyle",
  "pk": 28,
  "fields": {
    "name": "Crossbow",
    "discipline": 7
  }
},
{
  "model": "authorizations.weaponstyle",
  "pk": 29,
  "fields": {
    "name": "Hand Thrown Weapons",
    "discipline": 7
  }
},
{
  "model": "authorizations.weaponstyle",
  "pk": 30,
  "fields": {
    "name": "Single Sword",
    "discipline": 8
  }
},
{
  "model": "authorizations.weaponstyle",
  "pk": 31,
  "fields": {
    "name": "Sword & Offensive Secondary",
    "discipline": 8
  }
},
{
  "model": "authorizations.weaponstyle",
  "pk": 32,
  "fields": {
    "name": "Sword & Defensive Secondary",
    "discipline": 8
  }
},
{
  "model": "authorizations.weaponstyle",
  "pk": 33,
  "fields": {
    "name": "Two-Handed Sword",
    "discipline": 8
  }
},
{
  "model": "authorizations.weaponstyle",
  "pk": 34,
  "fields": {
    "name": "Spear",
    "discipline": 8
  }
},
{
  "model": "authorizations.weaponstyle",
  "pk": 35,
  "fields": {
    "name": "Weapon & Shield",
    "discipline": 9
  }
},
{
  "model": "authorizations.weaponstyle",
  "pk": 36,
  "fields": {
    "name": "Two-Handed",
    "discipline": 9
  }
},
{
  "model": "authorizations.weaponstyle",
  "pk": 37,
  "fields": {
    "name": "Spear",
    "discipline": 9
  }
},
{
  "model": "authorizations.weaponstyle",
  "pk": 38,
  "fields": {
    "name": "Junior Ground Crew",
    "discipline": 10
  }
},
{
  "model": "authorizations.weaponstyle",
  "pk": 39,
  "fields": {
    "name": "Senior Ground Crew",
    "discipline": 10
  }
},
{
  "model": "authorizations.weaponstyle",
  "pk": 40,
  "fields": {
    "name": "General Riding",
    "discipline": 10
  }
},
{
  "model": "authorizations.weaponstyle",
  "pk": 41,
  "fields": {
    "name": "Mounted Gaming",
    "discipline": 10
  }
},
{
  "model": "authorizations.weaponstyle",
  "pk": 42,
  "fields": {
    "name": "Mounted Archery",
    "discipline": 10
  }
},
{
  "model": "authorizations.weaponstyle",
  "pk": 43,
  "fields": {
    "name": "Crest Combat",
    "discipline": 10
  }
},
{
  "model": "authorizations.weaponstyle",
  "pk": 44,
  "fields": {
    "name": "Foam-Tipped Jousting",
    "discipline": 10
  }
},
{
  "model": "authorizations.weaponstyle",
  "pk": 45,
  "fields": {
    "name": "Mounted Heavy Combat",
    "discipline": 10
  }
},
{
  "model": "authorizations.weaponstyle",
  "pk": 46,
  "fields": {
    "name": "Driving",
    "discipline": 10
  }
},
{
  "model": "authorizations.weaponstyle",
  "pk": 47,
  "fields": {
    "name": "Weapon & Shield",
    "discipline": 11
  }
},
{
  "model": "authorizations.weaponstyle",
  "pk": 48,
  "fields": {
    "name": "Two-Handed",
    "discipline": 11
  }
},
{
  "model": "authorizations.weaponstyle",
  "pk": 49,
  "fields": {
    "name": "Single Sword",
    "discipline": 12
  }
},
{
  "model": "authorizations.weaponstyle",
  "pk": 50,
  "fields": {
    "name": "Sword & Defensive Secondary",
    "discipline": 12
  }
},
{
  "model": "authorizations.authorizationstatus",
  "pk": 1,
  "fields": {
    "name": "Active",
    "created_at": "2025-02-10T11:48:56.831Z",
    "updated_at": "2025-02-10T11:48:56.831Z",
    "created_by": null,
    "updated_by": null
  }
},
{
  "model": "authorizations.authorizationstatus",
  "pk": 2,
  "fields": {
    "name": "Pending",
    "created_at": "2025-02-10T11:48:56.831Z",
    "updated_at": "2025-02-10T11:48:56.831Z",
    "created_by": null,
    "updated_by": null
  }
},
{
  "model": "authorizations.authorizationstatus",
  "pk": 3,
  "fields": {
    "name": "Revoked",
    "created_at": "2025-02-10T11:48:56.831Z",
    "updated_at": "2025-02-10T11:48:56.831Z",
    "created_by": null,
    "updated_by": null
  }
},
{
  "model": "authorizations.authorizationstatus",
  "pk": 4,
  "fields": {
    "name": "Needs Regional Approval",
    "created_at": "2025-02-10T11:48:56.831Z",
    "updated_at": "2025-02-10T11:48:56.831Z",
    "created_by": null,
    "updated_by": null
  }
},
{
  "model": "authorizations.authorizationstatus",
  "pk": 5,
  "fields": {
    "name": "Needs Kingdom Approval",
    "created_at": "2025-02-10T11:48:56.831Z",
    "updated_at": "2025-02-10T11:48:56.831Z",
    "created_by": null,
    "updated_by": null
  }
},
{
  "model": "authorizations.person",
  "pk": 1,
  "fields": {
    "sca_name": "admin",
    "branch": 1,
    "is_minor": false,
    "parent": null,
    "comment": "",
    "created_at": "2025-02-10T11:48:56.831Z",
    "updated_at": "2025-02-10T11:48:56.831Z",
    "created_by": null,
    "updated_by": null
  }
},
{
  "model": "authorizations.person",
  "pk": 2,
  "fields": {
    "sca_name": "Cedric the Bold",
    "branch": 6,
    "is_minor": true,
    "parent": 20,
    "comment": "",
    "created_at": "2025-02-10T11:48:56.831Z",
    "updated_at": "2025-02-10T11:48:56.831Z",
    "created_by": null,
    "updated_by": null
  }
},
{
  "model": "authorizations.person",
  "pk": 3,
  "fields": {
    "sca_name": "Isolde",
    "branch": 17,
    "is_minor": false,
    "parent": null,
    "comment": "",
    "created_at": "2025-02-10T11:48:56.831Z",
    "updated_at": "2025-02-10T11:48:56.831Z",
    "created_by": null,
    "updated_by": null
  }
},
{
  "model": "authorizations.person",
  "pk": 4,
  "fields": {
    "sca_name": "Baldwin Fletcher",
    "branch": 37,
    "is_minor": false,
    "parent": null,
    "comment": "",
    "created_at": "2025-02-10T11:48:56.831Z",
    "updated_at": "2025-02-10T11:48:56.831Z",
    "created_by": null,
    "updated_by": null
  }
},
{
  "model": "authorizations.person",
  "pk": 5,
  "fields": {
    "sca_name": "Alaric the Red",
    "branch": 26,
    "is_minor": false,
    "parent": null,
    "comment": "",
    "created_at": "2025-02-10T11:48:56.831Z",
    "updated_at": "2025-02-10T11:48:56.831Z",
    "created_by": null,
    "updated_by": null
  }
},
{
  "model": "authorizations.person",
  "pk": 6,
  "fields": {
    "sca_name": "Astrid Stormrider",
    "branch": 17,
    "is_minor": false,
    "parent": null,
    "comment": "",
    "created_at": "2025-02-10T11:48:56.831Z",
    "updated_at": "2025-02-10T11:48:56.831Z",
    "created_by": null,
    "updated_by": null
  }
},
{
  "model": "authorizations.person",
  "pk": 7,
  "fields": {
    "sca_name": "Eleanor",
    "branch": 34,
    "is_minor": false,
    "parent": null,
    "comment": "",
    "created_at": "2025-02-10T11:48:56.831Z",
    "updated_at": "2025-02-10T11:48:56.831Z",
    "created_by": null,
    "updated_by": null
  }
},
{
  "model": "authorizations.person",
  "pk": 8,
  "fields": {
    "sca_name": "Ragnar Ironfist",
    "branch": 17,
    "is_minor": true,
    "parent": 20,
    "comment": "",
    "created_at": "2025-02-10T11:48:56.831Z",
    "updated_at": "2025-02-10T11:48:56.831Z",
    "created_by": null,
    "updated_by": null
  }
},
{
  "model": "authorizations.person",
  "pk": 9,
  "fields": {
    "sca_name": "Gareth the Wanderer",
    "branch": 34,
    "is_minor": false,
    "parent": null,
    "comment": "",
    "created_at": "2025-02-10T11:48:56.831Z",
    "updated_at": "2025-02-10T11:48:56.831Z",
    "created_by": null,
    "updated_by": null
  }
},
{
  "model": "authorizations.person",
  "pk": 10,
  "fields": {
    "sca_name": "Elspeth",
    "branch": 6,
    "is_minor": false,
    "parent": null,
    "comment": "",
    "created_at": "2025-02-10T11:48:56.831Z",
    "updated_at": "2025-02-10T11:48:56.831Z",
    "created_by": null,
    "updated_by": null
  }
},
{
  "model": "authorizations.person",
  "pk": 11,
  "fields": {
    "sca_name": "Sybilla",
    "branch": 34,
    "is_minor": false,
    "parent": null,
    "comment": "",
    "created_at": "2025-02-10T11:48:56.831Z",
    "updated_at": "2025-02-10T11:48:56.831Z",
    "created_by": null,
    "updated_by": null
  }
},
{
  "model": "authorizations.person",
  "pk": 12,
  "fields": {
    "sca_name": "Robin Archer",
    "branch": 11,
    "is_minor": false,
    "parent": null,
    "comment": "",
    "created_at": "2025-02-10T11:48:56.831Z",
    "updated_at": "2025-02-10T11:48:56.831Z",
    "created_by": null,
    "updated_by": null
  }
},
{
  "model": "authorizations.person",
  "pk": 13,
  "fields": {
    "sca_name": "Eadric Blackthorn",
    "branch": 34,
    "is_minor": false,
    "parent": null,
    "comment": "",
    "created_at": "2025-02-10T11:48:56.831Z",
    "updated_at": "2025-02-10T11:48:56.831Z",
    "created_by": null,
    "updated_by": null
  }
},
{
  "model": "authorizations.person",
  "pk": 14,
  "fields": {
    "sca_name": "Godfrey the Just",
    "branch": 18,
    "is_minor": true,
    "parent": 23,
    "comment": "",
    "created_at": "2025-02-10T11:48:56.831Z",
    "updated_at": "2025-02-10T11:48:56.831Z",
    "created_by": null,
    "updated_by": null
  }
},
{
  "model": "authorizations.person",
  "pk": 15,
  "fields": {
    "sca_name": "Gwenhwyfar the Gentle",
    "branch": 6,
    "is_minor": true,
    "parent": 29,
    "comment": "",
    "created_at": "2025-02-10T11:48:56.831Z",
    "updated_at": "2025-02-10T11:48:56.831Z",
    "created_by": null,
    "updated_by": null
  }
},
{
  "model": "authorizations.person",
  "pk": 16,
  "fields": {
    "sca_name": "Margery",
    "branch": 26,
    "is_minor": false,
    "parent": null,
    "comment": "",
    "created_at": "2025-02-10T11:48:56.831Z",
    "updated_at": "2025-02-10T11:48:56.831Z",
    "created_by": null,
    "updated_by": null
  }
},
{
  "model": "authorizations.person",
  "pk": 17,
  "fields": {
    "sca_name": "Faramund",
    "branch": 14,
    "is_minor": false,
    "parent": null,
    "comment": "",
    "created_at": "2025-02-10T11:48:56.831Z",
    "updated_at": "2025-02-10T11:48:56.831Z",
    "created_by": null,
    "updated_by": null
  }
},
{
  "model": "authorizations.person",
  "pk": 18,
  "fields": {
    "sca_name": "Arnulf the Quick",
    "branch": 21,
    "is_minor": false,
    "parent": null,
    "comment": "",
    "created_at": "2025-02-10T11:48:56.831Z",
    "updated_at": "2025-02-10T11:48:56.831Z",
    "created_by": null,
    "updated_by": null
  }
},
{
  "model": "authorizations.person",
  "pk": 19,
  "fields": {
    "sca_name": "Owain of the Golden Hills",
    "branch": 11,
    "is_minor": false,
    "parent": null,
    "comment": "",
    "created_at": "2025-02-10T11:48:56.831Z",
    "updated_at": "2025-02-10T11:48:56.831Z",
    "created_by": null,
    "updated_by": null
  }
},
{
  "model": "authorizations.person",
  "pk": 20,
  "fields": {
    "sca_name": "Catriona Stormsong",
    "branch": 17,
    "is_minor": false,
    "parent": null,
    "comment": "",
    "created_at": "2025-02-10T11:48:56.831Z",
    "updated_at": "2025-02-10T11:48:56.831Z",
    "created_by": null,
    "updated_by": null
  }
},
{
  "model": "authorizations.person",
  "pk": 21,
  "fields": {
    "sca_name": "Eleanor Carbunkle",
    "branch": 14,
    "is_minor": false,
    "parent": null,
    "comment": "",
    "created_at": "2025-02-10T11:48:56.831Z",
    "updated_at": "2025-02-10T11:48:56.831Z",
    "created_by": null,
    "updated_by": null
  }
},
{
  "model": "authorizations.person",
  "pk": 22,
  "fields": {
    "sca_name": "Wulfstan the Silent",
    "branch": 34,
    "is_minor": false,
    "parent": null,
    "comment": "",
    "created_at": "2025-02-10T11:48:56.831Z",
    "updated_at": "2025-02-10T11:48:56.831Z",
    "created_by": null,
    "updated_by": null
  }
},
{
  "model": "authorizations.person",
  "pk": 23,
  "fields": {
    "sca_name": "Leofric Firebrand",
    "branch": 26,
    "is_minor": false,
    "parent": null,
    "comment": "",
    "created_at": "2025-02-10T11:48:56.831Z",
    "updated_at": "2025-02-10T11:48:56.831Z",
    "created_by": null,
    "updated_by": null
  }
},
{
  "model": "authorizations.person",
  "pk": 24,
  "fields": {
    "sca_name": "Rowena",
    "branch": 26,
    "is_minor": false,
    "parent": null,
    "comment": "",
    "created_at": "2025-02-10T11:48:56.831Z",
    "updated_at": "2025-02-10T11:48:56.831Z",
    "created_by": null,
    "updated_by": null
  }
},
{
  "model": "authorizations.person",
  "pk": 25,
  "fields": {
    "sca_name": "Theodric of the White Hart",
    "branch": 26,
    "is_minor": false,
    "parent": null,
    "comment": "",
    "created_at": "2025-02-10T11:48:56.831Z",
    "updated_at": "2025-02-10T11:48:56.831Z",
    "created_by": null,
    "updated_by": null
  }
},
{
  "model": "authorizations.person",
  "pk": 26,
  "fields": {
    "sca_name": "Ysabeau de la Mar",
    "branch": 37,
    "is_minor": false,
    "parent": null,
    "comment": "",
    "created_at": "2025-02-10T11:48:56.831Z",
    "updated_at": "2025-02-10T11:48:56.831Z",
    "created_by": null,
    "updated_by": null
  }
},
{
  "model": "authorizations.person",
  "pk": 27,
  "fields": {
    "sca_name": "Tancred",
    "branch": 11,
    "is_minor": false,
    "parent": null,
    "comment": "",
    "created_at": "2025-02-10T11:48:56.831Z",
    "updated_at": "2025-02-10T11:48:56.831Z",
    "created_by": null,
    "updated_by": null
  }
},
{
  "model": "authorizations.person",
  "pk": 28,
  "fields": {
    "sca_name": "Avelina Greencloak",
    "branch": 14,
    "is_minor": false,
    "parent": null,
    "comment": "",
    "created_at": "2025-02-10T11:48:56.831Z",
    "updated_at": "2025-02-10T11:48:56.831Z",
    "created_by": null,
    "updated_by": null
  }
},
{
  "model": "authorizations.person",
  "pk": 29,
  "fields": {
    "sca_name": "Jocelyn the Bright",
    "branch": 14,
    "is_minor": false,
    "parent": null,
    "comment": "",
    "created_at": "2025-02-10T11:48:56.831Z",
    "updated_at": "2025-02-10T11:48:56.831Z",
    "created_by": null,
    "updated_by": null
  }
},
{
  "model": "authorizations.person",
  "pk": 30,
  "fields": {
    "sca_name": "Torvald Shieldbreaker",
    "branch": 37,
    "is_minor": false,
    "parent": null,
    "comment": "",
    "created_at": "2025-02-10T11:48:56.831Z",
    "updated_at": "2025-02-10T11:48:56.831Z",
    "created_by": null,
    "updated_by": null
  }
},
{
  "model": "authorizations.person",
  "pk": 31,
  "fields": {
    "sca_name": "Feradach mac Tralin",
    "branch": 14,
    "is_minor": false,
    "parent": null,
    "comment": "",
    "created_at": "2025-02-10T11:48:56.831Z",
    "updated_at": "2025-02-10T11:48:56.831Z",
    "created_by": null,
    "updated_by": null
  }
},
{
  "model": "authorizations.person",
  "pk": 32,
  "fields": {
    "sca_name": "Taran Daestingr",
    "branch": 14,
    "is_minor": false,
    "parent": null,
    "comment": "",
    "created_at": "2025-02-10T11:48:56.831Z",
    "updated_at": "2025-02-10T11:48:56.831Z",
    "created_by": null,
    "updated_by": null
  }
},
{
  "model": "authorizations.person",
  "pk": 33,
  "fields": {
    "sca_name": "Piaras mac Toirdhealbhaigh",
    "branch": 14,
    "is_minor": false,
    "parent": null,
    "comment": "",
    "created_at": "2025-02-10T11:48:56.831Z",
    "updated_at": "2025-02-10T11:48:56.831Z",
    "created_by": null,
    "updated_by": null
  }
},
{
  "model": "authorizations.person",
  "pk": 34,
  "fields": {
    "sca_name": "Durin Oldenmoor Tjorkilson",
    "branch": 18,
    "is_minor": false,
    "parent": null,
    "comment": "",
    "created_at": "2025-02-10T11:48:56.831Z",
    "updated_at": "2025-02-10T11:48:56.831Z",
    "created_by": null,
    "updated_by": null
  }
},
{
  "model": "authorizations.person",
  "pk": 35,
  "fields": {
    "sca_name": "Alessandra Lucianna Giancomo",
    "branch": 6,
    "is_minor": false,
    "parent": null,
    "comment": "",
    "created_at": "2025-02-10T11:48:56.831Z",
    "updated_at": "2025-02-10T11:48:56.831Z",
    "created_by": null,
    "updated_by": null
  }
},
{
  "model": "authorizations.person",
  "pk": 36,
  "fields": {
    "sca_name": "Izza al-Dimashqiyya",
    "branch": 26,
    "is_minor": false,
    "parent": null,
    "comment": "",
    "created_at": "2025-02-10T11:48:56.831Z",
    "updated_at": "2025-02-10T11:48:56.831Z",
    "created_by": null,
    "updated_by": null
  }
},
{
  "model": "authorizations.authorization",
  "pk": 1,
  "fields": {
    "person": 18,
    "style": 29,
    "status": 1,
    "marshal": 30,
    "expiration": "2025-01-15",
    "created_at": "2025-02-10T11:48:56.831Z",
    "updated_at": "2025-02-10T11:48:56.831Z",
    "created_by": null,
    "updated_by": null
  }
},
{
  "model": "authorizations.authorization",
  "pk": 2,
  "fields": {
    "person": 24,
    "style": 23,
    "status": 1,
    "marshal": 5,
    "expiration": "2024-06-10",
    "created_at": "2025-02-10T11:48:56.831Z",
    "updated_at": "2025-02-10T11:48:56.831Z",
    "created_by": null,
    "updated_by": null
  }
},
{
  "model": "authorizations.authorization",
  "pk": 3,
  "fields": {
    "person": 6,
    "style": 13,
    "status": 1,
    "marshal": 30,
    "expiration": "2026-01-01",
    "created_at": "2025-02-10T11:48:56.831Z",
    "updated_at": "2025-02-10T11:48:56.831Z",
    "created_by": null,
    "updated_by": null
  }
},
{
  "model": "authorizations.authorization",
  "pk": 4,
  "fields": {
    "person": 13,
    "style": 29,
    "status": 1,
    "marshal": 30,
    "expiration": "2026-10-16",
    "created_at": "2025-02-10T11:48:56.831Z",
    "updated_at": "2025-02-10T11:48:56.831Z",
    "created_by": null,
    "updated_by": null
  }
},
{
  "model": "authorizations.authorization",
  "pk": 5,
  "fields": {
    "person": 7,
    "style": 26,
    "status": 1,
    "marshal": 25,
    "expiration": "2025-08-30",
    "created_at": "2025-02-10T11:48:56.831Z",
    "updated_at": "2025-02-10T11:48:56.831Z",
    "created_by": null,
    "updated_by": null
  }
},
{
  "model": "authorizations.authorization",
  "pk": 6,
  "fields": {
    "person": 6,
    "style": 27,
    "status": 1,
    "marshal": 19,
    "expiration": "2028-09-24",
    "created_at": "2025-02-10T11:48:56.831Z",
    "updated_at": "2025-02-10T11:48:56.831Z",
    "created_by": null,
    "updated_by": null
  }
},
{
  "model": "authorizations.authorization",
  "pk": 7,
  "fields": {
    "person": 9,
    "style": 28,
    "status": 1,
    "marshal": 17,
    "expiration": "2026-01-25",
    "created_at": "2025-02-10T11:48:56.831Z",
    "updated_at": "2025-02-10T11:48:56.831Z",
    "created_by": null,
    "updated_by": null
  }
},
{
  "model": "authorizations.authorization",
  "pk": 8,
  "fields": {
    "person": 4,
    "style": 32,
    "status": 1,
    "marshal": 29,
    "expiration": "2025-10-23",
    "created_at": "2025-02-10T11:48:56.831Z",
    "updated_at": "2025-02-10T11:48:56.831Z",
    "created_by": null,
    "updated_by": null
  }
},
{
  "model": "authorizations.authorization",
  "pk": 9,
  "fields": {
    "person": 6,
    "style": 24,
    "status": 1,
    "marshal": 18,
    "expiration": "2025-08-03",
    "created_at": "2025-02-10T11:48:56.831Z",
    "updated_at": "2025-02-10T11:48:56.831Z",
    "created_by": null,
    "updated_by": null
  }
},
{
  "model": "authorizations.authorization",
  "pk": 10,
  "fields": {
    "person": 3,
    "style": 32,
    "status": 1,
    "marshal": 5,
    "expiration": "2026-01-29",
    "created_at": "2025-02-10T11:48:56.831Z",
    "updated_at": "2025-02-10T11:48:56.831Z",
    "created_by": null,
    "updated_by": null
  }
},
{
  "model": "authorizations.authorization",
  "pk": 11,
  "fields": {
    "person": 20,
    "style": 11,
    "status": 2,
    "marshal": 30,
    "expiration": "2026-09-25",
    "created_at": "2025-02-10T11:48:56.831Z",
    "updated_at": "2025-02-10T11:48:56.831Z",
    "created_by": null,
    "updated_by": null
  }
},
{
  "model": "authorizations.authorization",
  "pk": 12,
  "fields": {
    "person": 2,
    "style": 29,
    "status": 1,
    "marshal": 30,
    "expiration": "2026-08-02",
    "created_at": "2025-02-10T11:48:56.831Z",
    "updated_at": "2025-02-10T11:48:56.831Z",
    "created_by": null,
    "updated_by": null
  }
},
{
  "model": "authorizations.authorization",
  "pk": 13,
  "fields": {
    "person": 5,
    "style": 31,
    "status": 3,
    "marshal": 29,
    "expiration": "2025-12-08",
    "created_at": "2025-02-10T11:48:56.831Z",
    "updated_at": "2025-02-10T11:48:56.831Z",
    "created_by": null,
    "updated_by": null
  }
},
{
  "model": "authorizations.authorization",
  "pk": 14,
  "fields": {
    "person": 13,
    "style": 36,
    "status": 1,
    "marshal": 19,
    "expiration": "2026-08-05",
    "created_at": "2025-02-10T11:48:56.831Z",
    "updated_at": "2025-02-10T11:48:56.831Z",
    "created_by": null,
    "updated_by": null
  }
},
{
  "model": "authorizations.authorization",
  "pk": 15,
  "fields": {
    "person": 9,
    "style": 45,
    "status": 1,
    "marshal": 5,
    "expiration": "2023-03-08",
    "created_at": "2025-02-10T11:48:56.831Z",
    "updated_at": "2025-02-10T11:48:56.831Z",
    "created_by": null,
    "updated_by": null
  }
},
{
  "model": "authorizations.authorization",
  "pk": 16,
  "fields": {
    "person": 6,
    "style": 26,
    "status": 1,
    "marshal": 25,
    "expiration": "2028-04-22",
    "created_at": "2025-02-10T11:48:56.831Z",
    "updated_at": "2025-02-10T11:48:56.831Z",
    "created_by": null,
    "updated_by": null
  }
},
{
  "model": "authorizations.authorization",
  "pk": 17,
  "fields": {
    "person": 18,
    "style": 30,
    "status": 1,
    "marshal": 29,
    "expiration": "2024-12-29",
    "created_at": "2025-02-10T11:48:56.831Z",
    "updated_at": "2025-02-10T11:48:56.831Z",
    "created_by": null,
    "updated_by": null
  }
},
{
  "model": "authorizations.authorization",
  "pk": 18,
  "fields": {
    "person": 12,
    "style": 28,
    "status": 1,
    "marshal": 19,
    "expiration": "2021-09-21",
    "created_at": "2025-02-10T11:48:56.831Z",
    "updated_at": "2025-02-10T11:48:56.831Z",
    "created_by": null,
    "updated_by": null
  }
},
{
  "model": "authorizations.authorization",
  "pk": 19,
  "fields": {
    "person": 21,
    "style": 22,
    "status": 1,
    "marshal": 18,
    "expiration": "2026-01-31",
    "created_at": "2025-02-10T11:48:56.831Z",
    "updated_at": "2025-02-10T11:48:56.831Z",
    "created_by": null,
    "updated_by": null
  }
},
{
  "model": "authorizations.authorization",
  "pk": 20,
  "fields": {
    "person": 11,
    "style": 24,
    "status": 1,
    "marshal": 5,
    "expiration": "2025-03-15",
    "created_at": "2025-02-10T11:48:56.831Z",
    "updated_at": "2025-02-10T11:48:56.831Z",
    "created_by": null,
    "updated_by": null
  }
},
{
  "model": "authorizations.authorization",
  "pk": 21,
  "fields": {
    "person": 17,
    "style": 26,
    "status": 1,
    "marshal": 25,
    "expiration": "2025-03-28",
    "created_at": "2025-02-10T11:48:56.831Z",
    "updated_at": "2025-02-10T11:48:56.831Z",
    "created_by": null,
    "updated_by": null
  }
},
{
  "model": "authorizations.authorization",
  "pk": 22,
  "fields": {
    "person": 7,
    "style": 23,
    "status": 1,
    "marshal": 5,
    "expiration": "2026-11-16",
    "created_at": "2025-02-10T11:48:56.831Z",
    "updated_at": "2025-02-10T11:48:56.831Z",
    "created_by": null,
    "updated_by": null
  }
},
{
  "model": "authorizations.authorization",
  "pk": 23,
  "fields": {
    "person": 28,
    "style": 26,
    "status": 1,
    "marshal": 25,
    "expiration": "2021-07-25",
    "created_at": "2025-02-10T11:48:56.831Z",
    "updated_at": "2025-02-10T11:48:56.831Z",
    "created_by": null,
    "updated_by": null
  }
},
{
  "model": "authorizations.authorization",
  "pk": 24,
  "fields": {
    "person": 5,
    "style": 28,
    "status": 1,
    "marshal": 17,
    "expiration": "2025-04-03",
    "created_at": "2025-02-10T11:48:56.831Z",
    "updated_at": "2025-02-10T11:48:56.831Z",
    "created_by": null,
    "updated_by": null
  }
},
{
  "model": "authorizations.authorization",
  "pk": 25,
  "fields": {
    "person": 7,
    "style": 45,
    "status": 1,
    "marshal": 5,
    "expiration": "2025-09-26",
    "created_at": "2025-02-10T11:48:56.831Z",
    "updated_at": "2025-02-10T11:48:56.831Z",
    "created_by": null,
    "updated_by": null
  }
},
{
  "model": "authorizations.authorization",
  "pk": 26,
  "fields": {
    "person": 30,
    "style": 21,
    "status": 1,
    "marshal": 18,
    "expiration": "2026-06-25",
    "created_at": "2025-02-10T11:48:56.831Z",
    "updated_at": "2025-02-10T11:48:56.831Z",
    "created_by": null,
    "updated_by": null
  }
},
{
  "model": "authorizations.authorization",
  "pk": 27,
  "fields": {
    "person": 28,
    "style": 13,
    "status": 1,
    "marshal": 30,
    "expiration": "2027-03-17",
    "created_at": "2025-02-10T11:48:56.831Z",
    "updated_at": "2025-02-10T11:48:56.831Z",
    "created_by": null,
    "updated_by": null
  }
},
{
  "model": "authorizations.authorization",
  "pk": 28,
  "fields": {
    "person": 13,
    "style": 7,
    "status": 2,
    "marshal": 18,
    "expiration": "2025-04-02",
    "created_at": "2025-02-10T11:48:56.831Z",
    "updated_at": "2025-02-10T11:48:56.831Z",
    "created_by": null,
    "updated_by": null
  }
},
{
  "model": "authorizations.authorization",
  "pk": 29,
  "fields": {
    "person": 10,
    "style": 42,
    "status": 1,
    "marshal": 5,
    "expiration": "2026-04-13",
    "created_at": "2025-02-10T11:48:56.831Z",
    "updated_at": "2025-02-10T11:48:56.831Z",
    "created_by": null,
    "updated_by": null
  }
},
{
  "model": "authorizations.authorization",
  "pk": 30,
  "fields": {
    "person": 9,
    "style": 6,
    "status": 2,
    "marshal": 4,
    "expiration": "2026-01-04",
    "created_at": "2025-02-10T11:48:56.831Z",
    "updated_at": "2025-02-10T11:48:56.831Z",
    "created_by": null,
    "updated_by": null
  }
},
{
  "model": "authorizations.authorization",
  "pk": 31,
  "fields": {
    "person": 2,
    "style": 26,
    "status": 1,
    "marshal": 30,
    "expiration": "2026-01-20",
    "created_at": "2025-02-10T11:48:56.831Z",
    "updated_at": "2025-02-10T11:48:56.831Z",
    "created_by": null,
    "updated_by": null
  }
},
{
  "model": "authorizations.authorization",
  "pk": 32,
  "fields": {
    "person": 19,
    "style": 32,
    "status": 1,
    "marshal": 4,
    "expiration": "2026-12-20",
    "created_at": "2025-02-10T11:48:56.831Z",
    "updated_at": "2025-02-10T11:48:56.831Z",
    "created_by": null,
    "updated_by": null
  }
},
{
  "model": "authorizations.authorization",
  "pk": 33,
  "fields": {
    "person": 8,
    "style": 32,
    "status": 1,
    "marshal": 30,
    "expiration": "2022-01-20",
    "created_at": "2025-02-10T11:48:56.831Z",
    "updated_at": "2025-02-10T11:48:56.831Z",
    "created_by": null,
    "updated_by": null
  }
},
{
  "model": "authorizations.authorization",
  "pk": 34,
  "fields": {
    "person": 18,
    "style": 26,
    "status": 1,
    "marshal": 30,
    "expiration": "2026-08-29",
    "created_at": "2025-02-10T11:48:56.831Z",
    "updated_at": "2025-02-10T11:48:56.831Z",
    "created_by": null,
    "updated_by": null
  }
},
{
  "model": "authorizations.authorization",
  "pk": 35,
  "fields": {
    "person": 12,
    "style": 26,
    "status": 1,
    "marshal": 30,
    "expiration": "2026-04-13",
    "created_at": "2025-02-10T11:48:56.831Z",
    "updated_at": "2025-02-10T11:48:56.831Z",
    "created_by": null,
    "updated_by": null
  }
},
{
  "model": "authorizations.authorization",
  "pk": 36,
  "fields": {
    "person": 17,
    "style": 29,
    "status": 1,
    "marshal": 30,
    "expiration": "2020-07-08",
    "created_at": "2025-02-10T11:48:56.831Z",
    "updated_at": "2025-02-10T11:48:56.831Z",
    "created_by": null,
    "updated_by": null
  }
},
{
  "model": "authorizations.authorization",
  "pk": 37,
  "fields": {
    "person": 17,
    "style": 36,
    "status": 1,
    "marshal": 18,
    "expiration": "2026-07-05",
    "created_at": "2025-02-10T11:48:56.831Z",
    "updated_at": "2025-02-10T11:48:56.831Z",
    "created_by": null,
    "updated_by": null
  }
},
{
  "model": "authorizations.authorization",
  "pk": 38,
  "fields": {
    "person": 26,
    "style": 26,
    "status": 1,
    "marshal": 25,
    "expiration": "2026-03-08",
    "created_at": "2025-02-10T11:48:56.831Z",
    "updated_at": "2025-02-10T11:48:56.831Z",
    "created_by": null,
    "updated_by": null
  }
},
{
  "model": "authorizations.authorization",
  "pk": 39,
  "fields": {
    "person": 12,
    "style": 29,
    "status": 1,
    "marshal": 30,
    "expiration": "2026-06-30",
    "created_at": "2025-02-10T11:48:56.831Z",
    "updated_at": "2025-02-10T11:48:56.831Z",
    "created_by": null,
    "updated_by": null
  }
},
{
  "model": "authorizations.authorization",
  "pk": 40,
  "fields": {
    "person": 5,
    "style": 45,
    "status": 1,
    "marshal": 18,
    "expiration": "2026-08-21",
    "created_at": "2025-02-10T11:48:56.831Z",
    "updated_at": "2025-02-10T11:48:56.831Z",
    "created_by": null,
    "updated_by": null
  }
},
{
  "model": "authorizations.authorization",
  "pk": 41,
  "fields": {
    "person": 16,
    "style": 29,
    "status": 1,
    "marshal": 30,
    "expiration": "2026-03-22",
    "created_at": "2025-02-10T11:48:56.831Z",
    "updated_at": "2025-02-10T11:48:56.831Z",
    "created_by": null,
    "updated_by": null
  }
},
{
  "model": "authorizations.authorization",
  "pk": 42,
  "fields": {
    "person": 4,
    "style": 7,
    "status": 2,
    "marshal": 30,
    "expiration": "2025-10-24",
    "created_at": "2025-02-10T11:48:56.831Z",
    "updated_at": "2025-02-10T11:48:56.831Z",
    "created_by": null,
    "updated_by": null
  }
},
{
  "model": "authorizations.authorization",
  "pk": 43,
  "fields": {
    "person": 2,
    "style": 24,
    "status": 3,
    "marshal": 18,
    "expiration": "2027-01-31",
    "created_at": "2025-02-10T11:48:56.831Z",
    "updated_at": "2025-02-10T11:48:56.831Z",
    "created_by": null,
    "updated_by": null
  }
},
{
  "model": "authorizations.authorization",
  "pk": 44,
  "fields": {
    "person": 20,
    "style": 28,
    "status": 1,
    "marshal": 19,
    "expiration": "2027-05-05",
    "created_at": "2025-02-10T11:48:56.831Z",
    "updated_at": "2025-02-10T11:48:56.831Z",
    "created_by": null,
    "updated_by": null
  }
},
{
  "model": "authorizations.authorization",
  "pk": 45,
  "fields": {
    "person": 19,
    "style": 1,
    "status": 2,
    "marshal": 30,
    "expiration": "2027-11-14",
    "created_at": "2025-02-10T11:48:56.831Z",
    "updated_at": "2025-02-10T11:48:56.831Z",
    "created_by": null,
    "updated_by": null
  }
},
{
  "model": "authorizations.authorization",
  "pk": 46,
  "fields": {
    "person": 3,
    "style": 22,
    "status": 1,
    "marshal": 5,
    "expiration": "2027-12-01",
    "created_at": "2025-02-10T11:48:56.831Z",
    "updated_at": "2025-02-10T11:48:56.831Z",
    "created_by": null,
    "updated_by": null
  }
},
{
  "model": "authorizations.authorization",
  "pk": 47,
  "fields": {
    "person": 22,
    "style": 11,
    "status": 1,
    "marshal": 30,
    "expiration": "2027-09-15",
    "created_at": "2025-02-10T11:48:56.831Z",
    "updated_at": "2025-02-10T11:48:56.831Z",
    "created_by": null,
    "updated_by": null
  }
},
{
  "model": "authorizations.authorization",
  "pk": 48,
  "fields": {
    "person": 19,
    "style": 35,
    "status": 1,
    "marshal": 9,
    "expiration": "2024-08-26",
    "created_at": "2025-02-10T11:48:56.831Z",
    "updated_at": "2025-02-10T11:48:56.831Z",
    "created_by": null,
    "updated_by": null
  }
},
{
  "model": "authorizations.authorization",
  "pk": 49,
  "fields": {
    "person": 3,
    "style": 36,
    "status": 1,
    "marshal": 5,
    "expiration": "2026-04-29",
    "created_at": "2025-02-10T11:48:56.831Z",
    "updated_at": "2025-02-10T11:48:56.831Z",
    "created_by": null,
    "updated_by": null
  }
},
{
  "model": "authorizations.authorization",
  "pk": 50,
  "fields": {
    "person": 20,
    "style": 42,
    "status": 1,
    "marshal": 5,
    "expiration": "2022-01-31",
    "created_at": "2025-02-10T11:48:56.831Z",
    "updated_at": "2025-02-10T11:48:56.831Z",
    "created_by": null,
    "updated_by": null
  }
},
{
  "model": "authorizations.authorization",
  "pk": 51,
  "fields": {
    "person": 28,
    "style": 30,
    "status": 1,
    "marshal": 3,
    "expiration": "2024-01-11",
    "created_at": "2025-02-10T11:48:56.831Z",
    "updated_at": "2025-02-10T11:48:56.831Z",
    "created_by": null,
    "updated_by": null
  }
},
{
  "model": "authorizations.authorization",
  "pk": 52,
  "fields": {
    "person": 8,
    "style": 31,
    "status": 1,
    "marshal": 5,
    "expiration": "2023-06-29",
    "created_at": "2025-02-10T11:48:56.831Z",
    "updated_at": "2025-02-10T11:48:56.831Z",
    "created_by": null,
    "updated_by": null
  }
},
{
  "model": "authorizations.authorization",
  "pk": 53,
  "fields": {
    "person": 23,
    "style": 13,
    "status": 1,
    "marshal": 30,
    "expiration": "2024-04-27",
    "created_at": "2025-02-10T11:48:56.831Z",
    "updated_at": "2025-02-10T11:48:56.831Z",
    "created_by": null,
    "updated_by": null
  }
},
{
  "model": "authorizations.authorization",
  "pk": 54,
  "fields": {
    "person": 10,
    "style": 22,
    "status": 1,
    "marshal": 18,
    "expiration": "2025-03-31",
    "created_at": "2025-02-10T11:48:56.831Z",
    "updated_at": "2025-02-10T11:48:56.831Z",
    "created_by": null,
    "updated_by": null
  }
},
{
  "model": "authorizations.authorization",
  "pk": 55,
  "fields": {
    "person": 3,
    "style": 42,
    "status": 1,
    "marshal": 5,
    "expiration": "2026-05-05",
    "created_at": "2025-02-10T11:48:56.831Z",
    "updated_at": "2025-02-10T11:48:56.831Z",
    "created_by": null,
    "updated_by": null
  }
},
{
  "model": "authorizations.authorization",
  "pk": 56,
  "fields": {
    "person": 11,
    "style": 26,
    "status": 1,
    "marshal": 30,
    "expiration": "2025-10-13",
    "created_at": "2025-02-10T11:48:56.831Z",
    "updated_at": "2025-02-10T11:48:56.831Z",
    "created_by": null,
    "updated_by": null
  }
},
{
  "model": "authorizations.authorization",
  "pk": 57,
  "fields": {
    "person": 5,
    "style": 22,
    "status": 1,
    "marshal": 18,
    "expiration": "2026-01-28",
    "created_at": "2025-02-10T11:48:56.831Z",
    "updated_at": "2025-02-10T11:48:56.831Z",
    "created_by": null,
    "updated_by": null
  }
},
{
  "model": "authorizations.authorization",
  "pk": 58,
  "fields": {
    "person": 9,
    "style": 26,
    "status": 1,
    "marshal": 25,
    "expiration": "2026-04-02",
    "created_at": "2025-02-10T11:48:56.831Z",
    "updated_at": "2025-02-10T11:48:56.831Z",
    "created_by": null,
    "updated_by": null
  }
},
{
  "model": "authorizations.authorization",
  "pk": 59,
  "fields": {
    "person": 8,
    "style": 33,
    "status": 1,
    "marshal": 5,
    "expiration": "2026-01-30",
    "created_at": "2025-02-10T11:48:56.831Z",
    "updated_at": "2025-02-10T11:48:56.831Z",
    "created_by": null,
    "updated_by": null
  }
},
{
  "model": "authorizations.authorization",
  "pk": 60,
  "fields": {
    "person": 23,
    "style": 45,
    "status": 1,
    "marshal": 5,
    "expiration": "2026-09-08",
    "created_at": "2025-02-10T11:48:56.831Z",
    "updated_at": "2025-02-10T11:48:56.831Z",
    "created_by": null,
    "updated_by": null
  }
},
{
  "model": "authorizations.authorization",
  "pk": 61,
  "fields": {
    "person": 6,
    "style": 29,
    "status": 1,
    "marshal": 30,
    "expiration": "2025-02-22",
    "created_at": "2025-02-10T11:48:56.831Z",
    "updated_at": "2025-02-10T11:48:56.831Z",
    "created_by": null,
    "updated_by": null
  }
},
{
  "model": "authorizations.authorization",
  "pk": 62,
  "fields": {
    "person": 9,
    "style": 35,
    "status": 1,
    "marshal": 5,
    "expiration": "2026-04-03",
    "created_at": "2025-02-10T11:48:56.831Z",
    "updated_at": "2025-02-10T11:48:56.831Z",
    "created_by": null,
    "updated_by": null
  }
},
{
  "model": "authorizations.authorization",
  "pk": 63,
  "fields": {
    "person": 29,
    "style": 45,
    "status": 1,
    "marshal": 5,
    "expiration": "2023-04-08",
    "created_at": "2025-02-10T11:48:56.831Z",
    "updated_at": "2025-02-10T11:48:56.831Z",
    "created_by": null,
    "updated_by": null
  }
},
{
  "model": "authorizations.authorization",
  "pk": 64,
  "fields": {
    "person": 16,
    "style": 13,
    "status": 1,
    "marshal": 30,
    "expiration": "2025-08-16",
    "created_at": "2025-02-10T11:48:56.831Z",
    "updated_at": "2025-02-10T11:48:56.831Z",
    "created_by": null,
    "updated_by": null
  }
},
{
  "model": "authorizations.authorization",
  "pk": 65,
  "fields": {
    "person": 19,
    "style": 21,
    "status": 1,
    "marshal": 5,
    "expiration": "2026-05-25",
    "created_at": "2025-02-10T11:48:56.831Z",
    "updated_at": "2025-02-10T11:48:56.831Z",
    "created_by": null,
    "updated_by": null
  }
},
{
  "model": "authorizations.authorization",
  "pk": 66,
  "fields": {
    "person": 23,
    "style": 35,
    "status": 1,
    "marshal": 5,
    "expiration": "2026-12-30",
    "created_at": "2025-02-10T11:48:56.831Z",
    "updated_at": "2025-02-10T11:48:56.831Z",
    "created_by": null,
    "updated_by": null
  }
},
{
  "model": "authorizations.authorization",
  "pk": 67,
  "fields": {
    "person": 24,
    "style": 28,
    "status": 1,
    "marshal": 19,
    "expiration": "2024-02-02",
    "created_at": "2025-02-10T11:48:56.831Z",
    "updated_at": "2025-02-10T11:48:56.831Z",
    "created_by": null,
    "updated_by": null
  }
},
{
  "model": "authorizations.authorization",
  "pk": 68,
  "fields": {
    "person": 30,
    "style": 26,
    "status": 1,
    "marshal": 25,
    "expiration": "2026-06-20",
    "created_at": "2025-02-10T11:48:56.831Z",
    "updated_at": "2025-02-10T11:48:56.831Z",
    "created_by": null,
    "updated_by": null
  }
},
{
  "model": "authorizations.authorization",
  "pk": 69,
  "fields": {
    "person": 4,
    "style": 26,
    "status": 1,
    "marshal": 25,
    "expiration": "2026-09-14",
    "created_at": "2025-02-10T11:48:56.831Z",
    "updated_at": "2025-02-10T11:48:56.831Z",
    "created_by": null,
    "updated_by": null
  }
},
{
  "model": "authorizations.authorization",
  "pk": 70,
  "fields": {
    "person": 27,
    "style": 26,
    "status": 1,
    "marshal": 30,
    "expiration": "2024-06-07",
    "created_at": "2025-02-10T11:48:56.831Z",
    "updated_at": "2025-02-10T11:48:56.831Z",
    "created_by": null,
    "updated_by": null
  }
},
{
  "model": "authorizations.authorization",
  "pk": 71,
  "fields": {
    "person": 13,
    "style": 45,
    "status": 1,
    "marshal": 5,
    "expiration": "2025-01-14",
    "created_at": "2025-02-10T11:48:56.831Z",
    "updated_at": "2025-02-10T11:48:56.831Z",
    "created_by": null,
    "updated_by": null
  }
},
{
  "model": "authorizations.authorization",
  "pk": 72,
  "fields": {
    "person": 24,
    "style": 26,
    "status": 1,
    "marshal": 25,
    "expiration": "2022-01-02",
    "created_at": "2025-02-10T11:48:56.831Z",
    "updated_at": "2025-02-10T11:48:56.831Z",
    "created_by": null,
    "updated_by": null
  }
},
{
  "model": "authorizations.authorization",
  "pk": 73,
  "fields": {
    "person": 19,
    "style": 30,
    "status": 1,
    "marshal": 4,
    "expiration": "2023-04-09",
    "created_at": "2025-02-10T11:48:56.831Z",
    "updated_at": "2025-02-10T11:48:56.831Z",
    "created_by": null,
    "updated_by": null
  }
},
{
  "model": "authorizations.authorization",
  "pk": 74,
  "fields": {
    "person": 29,
    "style": 32,
    "status": 1,
    "marshal": 4,
    "expiration": "2021-05-05",
    "created_at": "2025-02-10T11:48:56.831Z",
    "updated_at": "2025-02-10T11:48:56.831Z",
    "created_by": null,
    "updated_by": null
  }
},
{
  "model": "authorizations.authorization",
  "pk": 75,
  "fields": {
    "person": 23,
    "style": 11,
    "status": 1,
    "marshal": 30,
    "expiration": "2024-11-14",
    "created_at": "2025-02-10T11:48:56.831Z",
    "updated_at": "2025-02-10T11:48:56.831Z",
    "created_by": null,
    "updated_by": null
  }
},
{
  "model": "authorizations.authorization",
  "pk": 76,
  "fields": {
    "person": 7,
    "style": 32,
    "status": 1,
    "marshal": 5,
    "expiration": "2024-09-25",
    "created_at": "2025-02-10T11:48:56.831Z",
    "updated_at": "2025-02-10T11:48:56.831Z",
    "created_by": null,
    "updated_by": null
  }
},
{
  "model": "authorizations.authorization",
  "pk": 77,
  "fields": {
    "person": 10,
    "style": 31,
    "status": 1,
    "marshal": 29,
    "expiration": "2024-03-03",
    "created_at": "2025-02-10T11:48:56.831Z",
    "updated_at": "2025-02-10T11:48:56.831Z",
    "created_by": null,
    "updated_by": null
  }
},
{
  "model": "authorizations.authorization",
  "pk": 78,
  "fields": {
    "person": 28,
    "style": 35,
    "status": 1,
    "marshal": 9,
    "expiration": "2025-08-14",
    "created_at": "2025-02-10T11:48:56.831Z",
    "updated_at": "2025-02-10T11:48:56.831Z",
    "created_by": null,
    "updated_by": null
  }
},
{
  "model": "authorizations.authorization",
  "pk": 79,
  "fields": {
    "person": 22,
    "style": 33,
    "status": 3,
    "marshal": 4,
    "expiration": "2026-12-17",
    "created_at": "2025-02-10T11:48:56.831Z",
    "updated_at": "2025-02-10T11:48:56.831Z",
    "created_by": null,
    "updated_by": null
  }
},
{
  "model": "authorizations.authorization",
  "pk": 80,
  "fields": {
    "person": 8,
    "style": 30,
    "status": 1,
    "marshal": 4,
    "expiration": "2021-06-20",
    "created_at": "2025-02-10T11:48:56.831Z",
    "updated_at": "2025-02-10T11:48:56.831Z",
    "created_by": null,
    "updated_by": null
  }
},
{
  "model": "authorizations.authorization",
  "pk": 81,
  "fields": {
    "person": 19,
    "style": 28,
    "status": 1,
    "marshal": 17,
    "expiration": "2025-08-09",
    "created_at": "2025-02-10T11:48:56.831Z",
    "updated_at": "2025-02-10T11:48:56.831Z",
    "created_by": null,
    "updated_by": null
  }
},
{
  "model": "authorizations.authorization",
  "pk": 82,
  "fields": {
    "person": 3,
    "style": 26,
    "status": 1,
    "marshal": 25,
    "expiration": "2023-11-12",
    "created_at": "2025-02-10T11:48:56.831Z",
    "updated_at": "2025-02-10T11:48:56.831Z",
    "created_by": null,
    "updated_by": null
  }
},
{
  "model": "authorizations.authorization",
  "pk": 83,
  "fields": {
    "person": 10,
    "style": 11,
    "status": 1,
    "marshal": 30,
    "expiration": "2024-04-16",
    "created_at": "2025-02-10T11:48:56.831Z",
    "updated_at": "2025-02-10T11:48:56.831Z",
    "created_by": null,
    "updated_by": null
  }
},
{
  "model": "authorizations.authorization",
  "pk": 84,
  "fields": {
    "person": 11,
    "style": 34,
    "status": 1,
    "marshal": 17,
    "expiration": "2025-06-08",
    "created_at": "2025-02-10T11:48:56.831Z",
    "updated_at": "2025-02-10T11:48:56.831Z",
    "created_by": null,
    "updated_by": null
  }
},
{
  "model": "authorizations.authorization",
  "pk": 85,
  "fields": {
    "person": 26,
    "style": 30,
    "status": 1,
    "marshal": 29,
    "expiration": "2021-11-14",
    "created_at": "2025-02-10T11:48:56.831Z",
    "updated_at": "2025-02-10T11:48:56.831Z",
    "created_by": null,
    "updated_by": null
  }
},
{
  "model": "authorizations.authorization",
  "pk": 86,
  "fields": {
    "person": 12,
    "style": 22,
    "status": 1,
    "marshal": 18,
    "expiration": "2024-07-31",
    "created_at": "2025-02-10T11:48:56.831Z",
    "updated_at": "2025-02-10T11:48:56.831Z",
    "created_by": null,
    "updated_by": null
  }
},
{
  "model": "authorizations.authorization",
  "pk": 87,
  "fields": {
    "person": 18,
    "style": 11,
    "status": 1,
    "marshal": 30,
    "expiration": "2021-07-12",
    "created_at": "2025-02-10T11:48:56.831Z",
    "updated_at": "2025-02-10T11:48:56.831Z",
    "created_by": null,
    "updated_by": null
  }
},
{
  "model": "authorizations.authorization",
  "pk": 88,
  "fields": {
    "person": 11,
    "style": 33,
    "status": 1,
    "marshal": 5,
    "expiration": "2020-06-02",
    "created_at": "2025-02-10T11:48:56.831Z",
    "updated_at": "2025-02-10T11:48:56.831Z",
    "created_by": null,
    "updated_by": null
  }
},
{
  "model": "authorizations.authorization",
  "pk": 89,
  "fields": {
    "person": 30,
    "style": 42,
    "status": 1,
    "marshal": 5,
    "expiration": "2023-06-14",
    "created_at": "2025-02-10T11:48:56.831Z",
    "updated_at": "2025-02-10T11:48:56.831Z",
    "created_by": null,
    "updated_by": null
  }
},
{
  "model": "authorizations.authorization",
  "pk": 90,
  "fields": {
    "person": 27,
    "style": 36,
    "status": 1,
    "marshal": 9,
    "expiration": "2026-12-07",
    "created_at": "2025-02-10T11:48:56.831Z",
    "updated_at": "2025-02-10T11:48:56.831Z",
    "created_by": null,
    "updated_by": null
  }
},
{
  "model": "authorizations.authorization",
  "pk": 91,
  "fields": {
    "person": 24,
    "style": 11,
    "status": 1,
    "marshal": 30,
    "expiration": "2022-12-30",
    "created_at": "2025-02-10T11:48:56.831Z",
    "updated_at": "2025-02-10T11:48:56.831Z",
    "created_by": null,
    "updated_by": null
  }
},
{
  "model": "authorizations.authorization",
  "pk": 92,
  "fields": {
    "person": 28,
    "style": 45,
    "status": 1,
    "marshal": 5,
    "expiration": "2023-02-27",
    "created_at": "2025-02-10T11:48:56.831Z",
    "updated_at": "2025-02-10T11:48:56.831Z",
    "created_by": null,
    "updated_by": null
  }
},
{
  "model": "authorizations.authorization",
  "pk": 93,
  "fields": {
    "person": 12,
    "style": 33,
    "status": 1,
    "marshal": 4,
    "expiration": "2024-08-04",
    "created_at": "2025-02-10T11:48:56.831Z",
    "updated_at": "2025-02-10T11:48:56.831Z",
    "created_by": null,
    "updated_by": null
  }
},
{
  "model": "authorizations.authorization",
  "pk": 94,
  "fields": {
    "person": 25,
    "style": 26,
    "status": 1,
    "marshal": 30,
    "expiration": "2020-09-30",
    "created_at": "2025-02-10T11:48:56.831Z",
    "updated_at": "2025-02-10T11:48:56.831Z",
    "created_by": null,
    "updated_by": null
  }
},
{
  "model": "authorizations.authorization",
  "pk": 95,
  "fields": {
    "person": 6,
    "style": 6,
    "status": 1,
    "marshal": 5,
    "expiration": "2026-09-08",
    "created_at": "2025-02-10T11:48:56.831Z",
    "updated_at": "2025-02-10T11:48:56.831Z",
    "created_by": null,
    "updated_by": null
  }
},
{
  "model": "authorizations.authorization",
  "pk": 96,
  "fields": {
    "person": 28,
    "style": 7,
    "status": 1,
    "marshal": 5,
    "expiration": "2025-06-14",
    "created_at": "2025-02-10T11:48:56.831Z",
    "updated_at": "2025-02-10T11:48:56.831Z",
    "created_by": null,
    "updated_by": null
  }
},
{
  "model": "authorizations.authorization",
  "pk": 97,
  "fields": {
    "person": 22,
    "style": 6,
    "status": 1,
    "marshal": 4,
    "expiration": "2027-03-15",
    "created_at": "2025-02-10T11:48:56.831Z",
    "updated_at": "2025-02-10T11:48:56.831Z",
    "created_by": null,
    "updated_by": null
  }
},
{
  "model": "authorizations.authorization",
  "pk": 98,
  "fields": {
    "person": 27,
    "style": 7,
    "status": 1,
    "marshal": 19,
    "expiration": "2026-05-09",
    "created_at": "2025-02-10T11:48:56.831Z",
    "updated_at": "2025-02-10T11:48:56.831Z",
    "created_by": null,
    "updated_by": null
  }
},
{
  "model": "authorizations.authorization",
  "pk": 99,
  "fields": {
    "person": 7,
    "style": 6,
    "status": 1,
    "marshal": 29,
    "expiration": "2027-03-25",
    "created_at": "2025-02-10T11:48:56.831Z",
    "updated_at": "2025-02-10T11:48:56.831Z",
    "created_by": null,
    "updated_by": null
  }
},
{
  "model": "authorizations.authorization",
  "pk": 100,
  "fields": {
    "person": 24,
    "style": 15,
    "status": 1,
    "marshal": 19,
    "expiration": "2025-10-11",
    "created_at": "2025-02-10T11:48:56.831Z",
    "updated_at": "2025-02-10T11:48:56.831Z",
    "created_by": null,
    "updated_by": null
  }
},
{
  "model": "authorizations.authorization",
  "pk": 101,
  "fields": {
    "person": 11,
    "style": 16,
    "status": 1,
    "marshal": 3,
    "expiration": "2027-06-10",
    "created_at": "2025-02-10T11:48:56.831Z",
    "updated_at": "2025-02-10T11:48:56.831Z",
    "created_by": null,
    "updated_by": null
  }
},
{
  "model": "authorizations.authorization",
  "pk": 102,
  "fields": {
    "person": 13,
    "style": 11,
    "status": 1,
    "marshal": 30,
    "expiration": "2025-10-04",
    "created_at": "2025-02-10T11:48:56.831Z",
    "updated_at": "2025-02-10T11:48:56.831Z",
    "created_by": null,
    "updated_by": null
  }
},
{
  "model": "authorizations.authorization",
  "pk": 103,
  "fields": {
    "person": 7,
    "style": 15,
    "status": 1,
    "marshal": 19,
    "expiration": "2025-07-19",
    "created_at": "2025-02-10T11:48:56.831Z",
    "updated_at": "2025-02-10T11:48:56.831Z",
    "created_by": null,
    "updated_by": null
  }
},
{
  "model": "authorizations.authorization",
  "pk": 104,
  "fields": {
    "person": 24,
    "style": 16,
    "status": 1,
    "marshal": 3,
    "expiration": "2027-04-24",
    "created_at": "2025-02-10T11:48:56.831Z",
    "updated_at": "2025-02-10T11:48:56.831Z",
    "created_by": null,
    "updated_by": null
  }
},
{
  "model": "authorizations.authorization",
  "pk": 105,
  "fields": {
    "person": 28,
    "style": 11,
    "status": 1,
    "marshal": 30,
    "expiration": "2026-09-25",
    "created_at": "2025-02-10T11:48:56.831Z",
    "updated_at": "2025-02-10T11:48:56.831Z",
    "created_by": null,
    "updated_by": null
  }
},
{
  "model": "authorizations.authorization",
  "pk": 106,
  "fields": {
    "person": 19,
    "style": 7,
    "status": 1,
    "marshal": 9,
    "expiration": "2026-11-07",
    "created_at": "2025-02-10T11:48:56.831Z",
    "updated_at": "2025-02-10T11:48:56.831Z",
    "created_by": null,
    "updated_by": null
  }
},
{
  "model": "authorizations.authorization",
  "pk": 107,
  "fields": {
    "person": 4,
    "style": 6,
    "status": 1,
    "marshal": 19,
    "expiration": "2027-08-08",
    "created_at": "2025-02-10T11:48:56.831Z",
    "updated_at": "2025-02-10T11:48:56.831Z",
    "created_by": null,
    "updated_by": null
  }
},
{
  "model": "authorizations.authorization",
  "pk": 108,
  "fields": {
    "person": 18,
    "style": 2,
    "status": 1,
    "marshal": 5,
    "expiration": "2024-11-14",
    "created_at": "2025-02-10T11:48:56.831Z",
    "updated_at": "2025-02-10T11:48:56.831Z",
    "created_by": null,
    "updated_by": null
  }
},
{
  "model": "authorizations.authorization",
  "pk": 109,
  "fields": {
    "person": 30,
    "style": 4,
    "status": 1,
    "marshal": 25,
    "expiration": "2026-06-20",
    "created_at": "2025-02-10T11:48:56.831Z",
    "updated_at": "2025-02-10T11:48:56.831Z",
    "created_by": null,
    "updated_by": null
  }
},
{
  "model": "authorizations.authorization",
  "pk": 110,
  "fields": {
    "person": 18,
    "style": 7,
    "status": 1,
    "marshal": 5,
    "expiration": "2025-10-18",
    "created_at": "2025-02-10T11:48:56.831Z",
    "updated_at": "2025-02-10T11:48:56.831Z",
    "created_by": null,
    "updated_by": null
  }
},
{
  "model": "authorizations.authorization",
  "pk": 111,
  "fields": {
    "person": 29,
    "style": 6,
    "status": 1,
    "marshal": 4,
    "expiration": "2025-05-30",
    "created_at": "2025-02-10T11:48:56.831Z",
    "updated_at": "2025-02-10T11:48:56.831Z",
    "created_by": null,
    "updated_by": null
  }
},
{
  "model": "authorizations.authorization",
  "pk": 112,
  "fields": {
    "person": 5,
    "style": 2,
    "status": 1,
    "marshal": 18,
    "expiration": "2026-07-08",
    "created_at": "2025-02-10T11:48:56.831Z",
    "updated_at": "2025-02-10T11:48:56.831Z",
    "created_by": null,
    "updated_by": null
  }
},
{
  "model": "authorizations.authorization",
  "pk": 113,
  "fields": {
    "person": 25,
    "style": 4,
    "status": 1,
    "marshal": 30,
    "expiration": "2020-09-30",
    "created_at": "2025-02-10T11:48:56.831Z",
    "updated_at": "2025-02-10T11:48:56.831Z",
    "created_by": null,
    "updated_by": null
  }
},
{
  "model": "authorizations.authorization",
  "pk": 114,
  "fields": {
    "person": 5,
    "style": 7,
    "status": 1,
    "marshal": 19,
    "expiration": "2027-09-30",
    "created_at": "2025-02-10T11:48:56.831Z",
    "updated_at": "2025-02-10T11:48:56.831Z",
    "created_by": null,
    "updated_by": null
  }
},
{
  "model": "authorizations.authorization",
  "pk": 115,
  "fields": {
    "person": 5,
    "style": 6,
    "status": 1,
    "marshal": 29,
    "expiration": "2026-03-29",
    "created_at": "2025-02-10T11:48:56.831Z",
    "updated_at": "2025-02-10T11:48:56.831Z",
    "created_by": null,
    "updated_by": null
  }
},
{
  "model": "authorizations.authorization",
  "pk": 116,
  "fields": {
    "person": 17,
    "style": 7,
    "status": 1,
    "marshal": 9,
    "expiration": "2027-09-22",
    "created_at": "2025-02-10T11:48:56.831Z",
    "updated_at": "2025-02-10T11:48:56.831Z",
    "created_by": null,
    "updated_by": null
  }
},
{
  "model": "authorizations.authorization",
  "pk": 117,
  "fields": {
    "person": 3,
    "style": 6,
    "status": 1,
    "marshal": 29,
    "expiration": "2025-05-22",
    "created_at": "2025-02-10T11:48:56.831Z",
    "updated_at": "2025-02-10T11:48:56.831Z",
    "created_by": null,
    "updated_by": null
  }
},
{
  "model": "authorizations.authorization",
  "pk": 118,
  "fields": {
    "person": 9,
    "style": 7,
    "status": 1,
    "marshal": 17,
    "expiration": "2026-05-13",
    "created_at": "2025-02-10T11:48:56.831Z",
    "updated_at": "2025-02-10T11:48:56.831Z",
    "created_by": null,
    "updated_by": null
  }
},
{
  "model": "authorizations.authorization",
  "pk": 119,
  "fields": {
    "person": 30,
    "style": 1,
    "status": 1,
    "marshal": 17,
    "expiration": "2026-05-13",
    "created_at": "2025-02-10T11:48:56.831Z",
    "updated_at": "2025-02-10T11:48:56.831Z",
    "created_by": null,
    "updated_by": null
  }
},
{
  "model": "authorizations.authorization",
  "pk": 120,
  "fields": {
    "person": 30,
    "style": 3,
    "status": 1,
    "marshal": 17,
    "expiration": "2026-05-13",
    "created_at": "2025-02-10T11:48:56.831Z",
    "updated_at": "2025-02-10T11:48:56.831Z",
    "created_by": null,
    "updated_by": null
  }
},
{
  "model": "authorizations.authorization",
  "pk": 121,
  "fields": {
    "person": 19,
    "style": 5,
    "status": 1,
    "marshal": 17,
    "expiration": "2026-05-13",
    "created_at": "2025-02-10T11:48:56.831Z",
    "updated_at": "2025-02-10T11:48:56.831Z",
    "created_by": null,
    "updated_by": null
  }
},
{
  "model": "authorizations.authorization",
  "pk": 122,
  "fields": {
    "person": 5,
    "style": 8,
    "status": 1,
    "marshal": 18,
    "expiration": "2026-05-13",
    "created_at": "2025-02-10T11:48:56.831Z",
    "updated_at": "2025-02-10T11:48:56.831Z",
    "created_by": null,
    "updated_by": null
  }
},
{
  "model": "authorizations.authorization",
  "pk": 123,
  "fields": {
    "person": 17,
    "style": 1,
    "status": 1,
    "marshal": 30,
    "expiration": "2026-04-27",
    "created_at": "2025-02-10T11:48:56.831Z",
    "updated_at": "2025-02-10T11:48:56.831Z",
    "created_by": null,
    "updated_by": null
  }
},
{
  "model": "authorizations.authorization",
  "pk": 124,
  "fields": {
    "person": 17,
    "style": 3,
    "status": 1,
    "marshal": 30,
    "expiration": "2027-11-09",
    "created_at": "2025-02-10T11:48:56.831Z",
    "updated_at": "2025-02-10T11:48:56.831Z",
    "created_by": null,
    "updated_by": null
  }
},
{
  "model": "authorizations.authorization",
  "pk": 125,
  "fields": {
    "person": 17,
    "style": 5,
    "status": 1,
    "marshal": 19,
    "expiration": "2025-07-02",
    "created_at": "2025-02-10T11:48:56.831Z",
    "updated_at": "2025-02-10T11:48:56.831Z",
    "created_by": null,
    "updated_by": null
  }
},
{
  "model": "authorizations.authorization",
  "pk": 126,
  "fields": {
    "person": 18,
    "style": 8,
    "status": 1,
    "marshal": 5,
    "expiration": "2026-06-03",
    "created_at": "2025-02-10T11:48:56.831Z",
    "updated_at": "2025-02-10T11:48:56.831Z",
    "created_by": null,
    "updated_by": null
  }
},
{
  "model": "authorizations.authorization",
  "pk": 127,
  "fields": {
    "person": 18,
    "style": 42,
    "status": 1,
    "marshal": 5,
    "expiration": "2027-04-13",
    "created_at": "2025-02-10T11:48:56.831Z",
    "updated_at": "2025-02-10T11:48:56.831Z",
    "created_by": null,
    "updated_by": null
  }
},
{
  "model": "authorizations.authorization",
  "pk": 128,
  "fields": {
    "person": 18,
    "style": 45,
    "status": 1,
    "marshal": 5,
    "expiration": "2026-04-02",
    "created_at": "2025-02-10T11:48:56.831Z",
    "updated_at": "2025-02-10T11:48:56.831Z",
    "created_by": null,
    "updated_by": null
  }
},
{
  "model": "authorizations.authorization",
  "pk": 129,
  "fields": {
    "person": 18,
    "style": 43,
    "status": 1,
    "marshal": 5,
    "expiration": "2025-04-28",
    "created_at": "2025-02-10T11:48:56.831Z",
    "updated_at": "2025-02-10T11:48:56.831Z",
    "created_by": null,
    "updated_by": null
  }
},
{
  "model": "authorizations.authorization",
  "pk": 130,
  "fields": {
    "person": 18,
    "style": 39,
    "status": 1,
    "marshal": 5,
    "expiration": "2025-10-16",
    "created_at": "2025-02-10T11:48:56.831Z",
    "updated_at": "2025-02-10T11:48:56.831Z",
    "created_by": null,
    "updated_by": null
  }
},
{
  "model": "authorizations.authorization",
  "pk": 131,
  "fields": {
    "person": 11,
    "style": 41,
    "status": 1,
    "marshal": 5,
    "expiration": "2026-08-12",
    "created_at": "2025-02-10T11:48:56.831Z",
    "updated_at": "2025-02-10T11:48:56.831Z",
    "created_by": null,
    "updated_by": null
  }
},
{
  "model": "authorizations.authorization",
  "pk": 132,
  "fields": {
    "person": 18,
    "style": 40,
    "status": 1,
    "marshal": 5,
    "expiration": "2026-05-01",
    "created_at": "2025-02-10T11:48:56.831Z",
    "updated_at": "2025-02-10T11:48:56.831Z",
    "created_by": null,
    "updated_by": null
  }
},
{
  "model": "authorizations.authorization",
  "pk": 133,
  "fields": {
    "person": 20,
    "style": 44,
    "status": 1,
    "marshal": 5,
    "expiration": "2026-03-14",
    "created_at": "2025-02-10T11:48:56.831Z",
    "updated_at": "2025-02-10T11:48:56.831Z",
    "created_by": null,
    "updated_by": null
  }
},
{
  "model": "authorizations.authorization",
  "pk": 134,
  "fields": {
    "person": 8,
    "style": 37,
    "status": 1,
    "marshal": 5,
    "expiration": "2026-03-07",
    "created_at": "2025-02-10T11:48:56.831Z",
    "updated_at": "2025-02-10T11:48:56.831Z",
    "created_by": null,
    "updated_by": null
  }
},
{
  "model": "authorizations.authorization",
  "pk": 135,
  "fields": {
    "person": 18,
    "style": 38,
    "status": 1,
    "marshal": 5,
    "expiration": "2025-09-07",
    "created_at": "2025-02-10T11:48:56.831Z",
    "updated_at": "2025-02-10T11:48:56.831Z",
    "created_by": null,
    "updated_by": null
  }
},
{
  "model": "authorizations.authorization",
  "pk": 136,
  "fields": {
    "person": 4,
    "style": 37,
    "status": 1,
    "marshal": 5,
    "expiration": "2026-10-23",
    "created_at": "2025-02-10T11:48:56.831Z",
    "updated_at": "2025-02-10T11:48:56.831Z",
    "created_by": null,
    "updated_by": null
  }
},
{
  "model": "authorizations.authorization",
  "pk": 137,
  "fields": {
    "person": 19,
    "style": 38,
    "status": 1,
    "marshal": 5,
    "expiration": "2025-09-22",
    "created_at": "2025-02-10T11:48:56.831Z",
    "updated_at": "2025-02-10T11:48:56.831Z",
    "created_by": null,
    "updated_by": null
  }
},
{
  "model": "authorizations.authorization",
  "pk": 138,
  "fields": {
    "person": 5,
    "style": 19,
    "status": 1,
    "marshal": 13,
    "expiration": "2027-01-10",
    "created_at": "2025-02-10T11:48:56.831Z",
    "updated_at": "2025-02-10T11:48:56.831Z",
    "created_by": null,
    "updated_by": null
  }
},
{
  "model": "authorizations.authorization",
  "pk": 139,
  "fields": {
    "person": 5,
    "style": 20,
    "status": 1,
    "marshal": 29,
    "expiration": "2025-09-30",
    "created_at": "2025-02-10T11:48:56.831Z",
    "updated_at": "2025-02-10T11:48:56.831Z",
    "created_by": null,
    "updated_by": null
  }
},
{
  "model": "authorizations.authorization",
  "pk": 140,
  "fields": {
    "person": 13,
    "style": 9,
    "status": 1,
    "marshal": 3,
    "expiration": "2027-07-16",
    "created_at": "2025-02-10T11:48:56.831Z",
    "updated_at": "2025-02-10T11:48:56.831Z",
    "created_by": null,
    "updated_by": null
  }
},
{
  "model": "authorizations.authorization",
  "pk": 141,
  "fields": {
    "person": 9,
    "style": 9,
    "status": 2,
    "marshal": 13,
    "expiration": "2027-06-06",
    "created_at": "2025-02-10T11:48:56.831Z",
    "updated_at": "2025-02-10T11:48:56.831Z",
    "created_by": null,
    "updated_by": null
  }
},
{
  "model": "authorizations.authorization",
  "pk": 142,
  "fields": {
    "person": 4,
    "style": 10,
    "status": 1,
    "marshal": 3,
    "expiration": "2026-02-27",
    "created_at": "2025-02-10T11:48:56.831Z",
    "updated_at": "2025-02-10T11:48:56.831Z",
    "created_by": null,
    "updated_by": null
  }
},
{
  "model": "authorizations.authorization",
  "pk": 143,
  "fields": {
    "person": 29,
    "style": 10,
    "status": 1,
    "marshal": 4,
    "expiration": "2025-07-29",
    "created_at": "2025-02-10T11:48:56.831Z",
    "updated_at": "2025-02-10T11:48:56.831Z",
    "created_by": null,
    "updated_by": null
  }
},
{
  "model": "authorizations.authorization",
  "pk": 144,
  "fields": {
    "person": 8,
    "style": 47,
    "status": 1,
    "marshal": 13,
    "expiration": "2027-04-24",
    "created_at": "2025-02-10T11:48:56.831Z",
    "updated_at": "2025-02-10T11:48:56.831Z",
    "created_by": null,
    "updated_by": null
  }
},
{
  "model": "authorizations.authorization",
  "pk": 145,
  "fields": {
    "person": 14,
    "style": 47,
    "status": 1,
    "marshal": 13,
    "expiration": "2027-03-23",
    "created_at": "2025-02-10T11:48:56.831Z",
    "updated_at": "2025-02-10T11:48:56.831Z",
    "created_by": null,
    "updated_by": null
  }
},
{
  "model": "authorizations.authorization",
  "pk": 146,
  "fields": {
    "person": 14,
    "style": 48,
    "status": 1,
    "marshal": 4,
    "expiration": "2026-10-30",
    "created_at": "2025-02-10T11:48:56.831Z",
    "updated_at": "2025-02-10T11:48:56.831Z",
    "created_by": null,
    "updated_by": null
  }
},
{
  "model": "authorizations.authorization",
  "pk": 147,
  "fields": {
    "person": 8,
    "style": 49,
    "status": 1,
    "marshal": 4,
    "expiration": "2025-07-31",
    "created_at": "2025-02-10T11:48:56.831Z",
    "updated_at": "2025-02-10T11:48:56.831Z",
    "created_by": null,
    "updated_by": null
  }
},
{
  "model": "authorizations.authorization",
  "pk": 148,
  "fields": {
    "person": 2,
    "style": 21,
    "status": 3,
    "marshal": 18,
    "expiration": "2025-12-22",
    "created_at": "2025-02-10T11:48:56.831Z",
    "updated_at": "2025-02-10T11:48:56.831Z",
    "created_by": null,
    "updated_by": null
  }
},
{
  "model": "authorizations.authorization",
  "pk": 149,
  "fields": {
    "person": 3,
    "style": 30,
    "status": 1,
    "marshal": 5,
    "expiration": "2027-10-03",
    "created_at": "2025-02-10T11:48:56.831Z",
    "updated_at": "2025-02-10T11:48:56.831Z",
    "created_by": null,
    "updated_by": null
  }
},
{
  "model": "authorizations.authorization",
  "pk": 150,
  "fields": {
    "person": 3,
    "style": 21,
    "status": 1,
    "marshal": 5,
    "expiration": "2026-10-08",
    "created_at": "2025-02-10T11:48:56.831Z",
    "updated_at": "2025-02-10T11:48:56.831Z",
    "created_by": null,
    "updated_by": null
  }
},
{
  "model": "authorizations.authorization",
  "pk": 151,
  "fields": {
    "person": 4,
    "style": 30,
    "status": 1,
    "marshal": 29,
    "expiration": "2026-04-20",
    "created_at": "2025-02-10T11:48:56.831Z",
    "updated_at": "2025-02-10T11:48:56.831Z",
    "created_by": null,
    "updated_by": null
  }
},
{
  "model": "authorizations.authorization",
  "pk": 152,
  "fields": {
    "person": 5,
    "style": 30,
    "status": 3,
    "marshal": 29,
    "expiration": "2026-05-26",
    "created_at": "2025-02-10T11:48:56.831Z",
    "updated_at": "2025-02-10T11:48:56.831Z",
    "created_by": null,
    "updated_by": null
  }
},
{
  "model": "authorizations.authorization",
  "pk": 153,
  "fields": {
    "person": 5,
    "style": 21,
    "status": 1,
    "marshal": 18,
    "expiration": "2026-04-16",
    "created_at": "2025-02-10T11:48:56.831Z",
    "updated_at": "2025-02-10T11:48:56.831Z",
    "created_by": null,
    "updated_by": null
  }
},
{
  "model": "authorizations.authorization",
  "pk": 154,
  "fields": {
    "person": 6,
    "style": 21,
    "status": 1,
    "marshal": 18,
    "expiration": "2027-05-29",
    "created_at": "2025-02-10T11:48:56.831Z",
    "updated_at": "2025-02-10T11:48:56.831Z",
    "created_by": null,
    "updated_by": null
  }
},
{
  "model": "authorizations.authorization",
  "pk": 155,
  "fields": {
    "person": 7,
    "style": 30,
    "status": 1,
    "marshal": 5,
    "expiration": "2025-12-09",
    "created_at": "2025-02-10T11:48:56.831Z",
    "updated_at": "2025-02-10T11:48:56.831Z",
    "created_by": null,
    "updated_by": null
  }
},
{
  "model": "authorizations.authorization",
  "pk": 156,
  "fields": {
    "person": 7,
    "style": 21,
    "status": 1,
    "marshal": 5,
    "expiration": "2026-01-08",
    "created_at": "2025-02-10T11:48:56.831Z",
    "updated_at": "2025-02-10T11:48:56.831Z",
    "created_by": null,
    "updated_by": null
  }
},
{
  "model": "authorizations.authorization",
  "pk": 157,
  "fields": {
    "person": 16,
    "style": 30,
    "status": 1,
    "marshal": 30,
    "expiration": "2026-06-14",
    "created_at": "2025-02-10T11:48:56.831Z",
    "updated_at": "2025-02-10T11:48:56.831Z",
    "created_by": null,
    "updated_by": null
  }
},
{
  "model": "authorizations.authorization",
  "pk": 158,
  "fields": {
    "person": 9,
    "style": 30,
    "status": 1,
    "marshal": 5,
    "expiration": "2026-09-14",
    "created_at": "2025-02-10T11:48:56.831Z",
    "updated_at": "2025-02-10T11:48:56.831Z",
    "created_by": null,
    "updated_by": null
  }
},
{
  "model": "authorizations.authorization",
  "pk": 159,
  "fields": {
    "person": 10,
    "style": 30,
    "status": 1,
    "marshal": 29,
    "expiration": "2027-04-21",
    "created_at": "2025-02-10T11:48:56.831Z",
    "updated_at": "2025-02-10T11:48:56.831Z",
    "created_by": null,
    "updated_by": null
  }
},
{
  "model": "authorizations.authorization",
  "pk": 160,
  "fields": {
    "person": 10,
    "style": 21,
    "status": 1,
    "marshal": 18,
    "expiration": "2025-12-22",
    "created_at": "2025-02-10T11:48:56.831Z",
    "updated_at": "2025-02-10T11:48:56.831Z",
    "created_by": null,
    "updated_by": null
  }
},
{
  "model": "authorizations.authorization",
  "pk": 161,
  "fields": {
    "person": 11,
    "style": 30,
    "status": 1,
    "marshal": 17,
    "expiration": "2026-03-15",
    "created_at": "2025-02-10T11:48:56.831Z",
    "updated_at": "2025-02-10T11:48:56.831Z",
    "created_by": null,
    "updated_by": null
  }
},
{
  "model": "authorizations.authorization",
  "pk": 162,
  "fields": {
    "person": 11,
    "style": 21,
    "status": 1,
    "marshal": 5,
    "expiration": "2027-03-24",
    "created_at": "2025-02-10T11:48:56.831Z",
    "updated_at": "2025-02-10T11:48:56.831Z",
    "created_by": null,
    "updated_by": null
  }
},
{
  "model": "authorizations.authorization",
  "pk": 163,
  "fields": {
    "person": 12,
    "style": 30,
    "status": 1,
    "marshal": 4,
    "expiration": "2027-05-16",
    "created_at": "2025-02-10T11:48:56.831Z",
    "updated_at": "2025-02-10T11:48:56.831Z",
    "created_by": null,
    "updated_by": null
  }
},
{
  "model": "authorizations.authorization",
  "pk": 164,
  "fields": {
    "person": 12,
    "style": 21,
    "status": 1,
    "marshal": 18,
    "expiration": "2027-08-21",
    "created_at": "2025-02-10T11:48:56.831Z",
    "updated_at": "2025-02-10T11:48:56.831Z",
    "created_by": null,
    "updated_by": null
  }
},
{
  "model": "authorizations.authorization",
  "pk": 165,
  "fields": {
    "person": 6,
    "style": 42,
    "status": 1,
    "marshal": 18,
    "expiration": "2027-01-13",
    "created_at": "2025-02-10T11:48:56.831Z",
    "updated_at": "2025-02-10T11:48:56.831Z",
    "created_by": null,
    "updated_by": null
  }
},
{
  "model": "authorizations.authorization",
  "pk": 166,
  "fields": {
    "person": 20,
    "style": 45,
    "status": 1,
    "marshal": 18,
    "expiration": "2026-05-28",
    "created_at": "2025-02-10T11:48:56.831Z",
    "updated_at": "2025-02-10T11:48:56.831Z",
    "created_by": null,
    "updated_by": null
  }
},
{
  "model": "authorizations.authorization",
  "pk": 167,
  "fields": {
    "person": 11,
    "style": 43,
    "status": 1,
    "marshal": 18,
    "expiration": "2027-02-01",
    "created_at": "2025-02-10T11:48:56.831Z",
    "updated_at": "2025-02-10T11:48:56.831Z",
    "created_by": null,
    "updated_by": null
  }
},
{
  "model": "authorizations.authorization",
  "pk": 168,
  "fields": {
    "person": 5,
    "style": 39,
    "status": 1,
    "marshal": 18,
    "expiration": "2025-08-01",
    "created_at": "2025-02-10T11:48:56.831Z",
    "updated_at": "2025-02-10T11:48:56.831Z",
    "created_by": null,
    "updated_by": null
  }
},
{
  "model": "authorizations.authorization",
  "pk": 169,
  "fields": {
    "person": 5,
    "style": 41,
    "status": 1,
    "marshal": 18,
    "expiration": "2027-03-13",
    "created_at": "2025-02-10T11:48:56.831Z",
    "updated_at": "2025-02-10T11:48:56.831Z",
    "created_by": null,
    "updated_by": null
  }
},
{
  "model": "authorizations.authorization",
  "pk": 170,
  "fields": {
    "person": 5,
    "style": 40,
    "status": 1,
    "marshal": 18,
    "expiration": "2026-03-10",
    "created_at": "2025-02-10T11:48:56.831Z",
    "updated_at": "2025-02-10T11:48:56.831Z",
    "created_by": null,
    "updated_by": null
  }
},
{
  "model": "authorizations.authorization",
  "pk": 171,
  "fields": {
    "person": 5,
    "style": 44,
    "status": 1,
    "marshal": 18,
    "expiration": "2026-04-18",
    "created_at": "2025-02-10T11:48:56.831Z",
    "updated_at": "2025-02-10T11:48:56.831Z",
    "created_by": null,
    "updated_by": null
  }
},
{
  "model": "authorizations.authorization",
  "pk": 172,
  "fields": {
    "person": 12,
    "style": 37,
    "status": 1,
    "marshal": 18,
    "expiration": "2025-12-14",
    "created_at": "2025-02-10T11:48:56.831Z",
    "updated_at": "2025-02-10T11:48:56.831Z",
    "created_by": null,
    "updated_by": null
  }
},
{
  "model": "authorizations.authorization",
  "pk": 173,
  "fields": {
    "person": 5,
    "style": 38,
    "status": 1,
    "marshal": 18,
    "expiration": "2025-11-20",
    "created_at": "2025-02-10T11:48:56.831Z",
    "updated_at": "2025-02-10T11:48:56.831Z",
    "created_by": null,
    "updated_by": null
  }
},
{
  "model": "authorizations.authorization",
  "pk": 174,
  "fields": {
    "person": 16,
    "style": 37,
    "status": 1,
    "marshal": 18,
    "expiration": "2025-04-28",
    "created_at": "2025-02-10T11:48:56.831Z",
    "updated_at": "2025-02-10T11:48:56.831Z",
    "created_by": null,
    "updated_by": null
  }
},
{
  "model": "authorizations.authorization",
  "pk": 175,
  "fields": {
    "person": 7,
    "style": 38,
    "status": 1,
    "marshal": 18,
    "expiration": "2026-05-02",
    "created_at": "2025-02-10T11:48:56.831Z",
    "updated_at": "2025-02-10T11:48:56.831Z",
    "created_by": null,
    "updated_by": null
  }
},
{
  "model": "authorizations.authorization",
  "pk": 176,
  "fields": {
    "person": 34,
    "style": 13,
    "status": 1,
    "marshal": 1,
    "expiration": "2029-02-10",
    "created_at": "2025-02-10T11:48:56.831Z",
    "updated_at": "2025-02-10T11:48:56.831Z",
    "created_by": null,
    "updated_by": null
  }
},
{
  "model": "authorizations.authorization",
  "pk": 177,
  "fields": {
    "person": 34,
    "style": 30,
    "status": 1,
    "marshal": 1,
    "expiration": "2029-02-10",
    "created_at": "2025-02-10T11:48:56.831Z",
    "updated_at": "2025-02-10T11:48:56.831Z",
    "created_by": null,
    "updated_by": null
  }
},
{
  "model": "authorizations.authorization",
  "pk": 178,
  "fields": {
    "person": 34,
    "style": 31,
    "status": 1,
    "marshal": 1,
    "expiration": "2029-02-10",
    "created_at": "2025-02-10T11:48:56.831Z",
    "updated_at": "2025-02-10T11:48:56.831Z",
    "created_by": null,
    "updated_by": null
  }
},
{
  "model": "authorizations.authorization",
  "pk": 179,
  "fields": {
    "person": 34,
    "style": 32,
    "status": 1,
    "marshal": 1,
    "expiration": "2029-02-10",
    "created_at": "2025-02-10T11:48:56.831Z",
    "updated_at": "2025-02-10T11:48:56.831Z",
    "created_by": null,
    "updated_by": null
  }
},
{
  "model": "authorizations.authorization",
  "pk": 180,
  "fields": {
    "person": 34,
    "style": 35,
    "status": 1,
    "marshal": 1,
    "expiration": "2029-02-10",
    "created_at": "2025-02-10T11:48:56.831Z",
    "updated_at": "2025-02-10T11:48:56.831Z",
    "created_by": null,
    "updated_by": null
  }
},
{
  "model": "authorizations.authorization",
  "pk": 181,
  "fields": {
    "person": 34,
    "style": 36,
    "status": 1,
    "marshal": 1,
    "expiration": "2029-02-10",
    "created_at": "2025-02-10T11:48:56.831Z",
    "updated_at": "2025-02-10T11:48:56.831Z",
    "created_by": null,
    "updated_by": null
  }
},
{
  "model": "authorizations.authorization",
  "pk": 182,
  "fields": {
    "person": 34,
    "style": 37,
    "status": 1,
    "marshal": 1,
    "expiration": "2029-02-10",
    "created_at": "2025-02-10T11:48:56.831Z",
    "updated_at": "2025-02-10T11:48:56.831Z",
    "created_by": null,
    "updated_by": null
  }
},
{
  "model": "authorizations.authorization",
  "pk": 183,
  "fields": {
    "person": 34,
    "style": 7,
    "status": 1,
    "marshal": 1,
    "expiration": "2029-02-10",
    "created_at": "2025-02-10T11:48:56.831Z",
    "updated_at": "2025-02-10T11:48:56.831Z",
    "created_by": null,
    "updated_by": null
  }
},
{
  "model": "authorizations.authorization",
  "pk": 184,
  "fields": {
    "person": 35,
    "style": 30,
    "status": 1,
    "marshal": 1,
    "expiration": "2029-02-10",
    "created_at": "2025-02-10T11:48:56.831Z",
    "updated_at": "2025-02-10T11:48:56.831Z",
    "created_by": null,
    "updated_by": null
  }
},
{
  "model": "authorizations.authorization",
  "pk": 185,
  "fields": {
    "person": 35,
    "style": 31,
    "status": 1,
    "marshal": 1,
    "expiration": "2029-02-10",
    "created_at": "2025-02-10T11:48:56.831Z",
    "updated_at": "2025-02-10T11:48:56.831Z",
    "created_by": null,
    "updated_by": null
  }
},
{
  "model": "authorizations.authorization",
  "pk": 186,
  "fields": {
    "person": 35,
    "style": 32,
    "status": 1,
    "marshal": 1,
    "expiration": "2029-02-10",
    "created_at": "2025-02-10T11:48:56.831Z",
    "updated_at": "2025-02-10T11:48:56.831Z",
    "created_by": null,
    "updated_by": null
  }
},
{
  "model": "authorizations.authorization",
  "pk": 187,
  "fields": {
    "person": 35,
    "style": 33,
    "status": 1,
    "marshal": 1,
    "expiration": "2029-02-10",
    "created_at": "2025-02-10T11:48:56.831Z",
    "updated_at": "2025-02-10T11:48:56.831Z",
    "created_by": null,
    "updated_by": null
  }
},
{
  "model": "authorizations.authorization",
  "pk": 188,
  "fields": {
    "person": 35,
    "style": 6,
    "status": 1,
    "marshal": 1,
    "expiration": "2029-03-13",
    "created_at": "2025-02-10T11:48:56.831Z",
    "updated_at": "2025-02-10T11:48:56.831Z",
    "created_by": null,
    "updated_by": null
  }
},
{
  "model": "authorizations.authorization",
  "pk": 189,
  "fields": {
    "person": 36,
    "style": 12,
    "status": 1,
    "marshal": 1,
    "expiration": "2029-02-10",
    "created_at": "2025-02-10T11:48:56.831Z",
    "updated_at": "2025-02-10T11:48:56.831Z",
    "created_by": null,
    "updated_by": null
  }
},
{
  "model": "authorizations.authorization",
  "pk": 190,
  "fields": {
    "person": 36,
    "style": 30,
    "status": 1,
    "marshal": 1,
    "expiration": "2029-02-10",
    "created_at": "2025-02-10T11:48:56.831Z",
    "updated_at": "2025-02-10T11:48:56.831Z",
    "created_by": null,
    "updated_by": null
  }
},
{
  "model": "authorizations.authorization",
  "pk": 191,
  "fields": {
    "person": 36,
    "style": 31,
    "status": 1,
    "marshal": 1,
    "expiration": "2029-02-10",
    "created_at": "2025-02-10T11:48:56.831Z",
    "updated_at": "2025-02-10T11:48:56.831Z",
    "created_by": null,
    "updated_by": null
  }
},
{
  "model": "authorizations.authorization",
  "pk": 192,
  "fields": {
    "person": 36,
    "style": 32,
    "status": 1,
    "marshal": 1,
    "expiration": "2029-02-10",
    "created_at": "2025-02-10T11:48:56.831Z",
    "updated_at": "2025-02-10T11:48:56.831Z",
    "created_by": null,
    "updated_by": null
  }
},
{
  "model": "authorizations.authorization",
  "pk": 193,
  "fields": {
    "person": 36,
    "style": 6,
    "status": 1,
    "marshal": 1,
    "expiration": "2029-02-10",
    "created_at": "2025-02-10T11:48:56.831Z",
    "updated_at": "2025-02-10T11:48:56.831Z",
    "created_by": null,
    "updated_by": null
  }
},
{
  "model": "authorizations.authorization",
  "pk": 194,
  "fields": {
    "person": 36,
    "style": 10,
    "status": 1,
    "marshal": 1,
    "expiration": "2027-02-10",
    "created_at": "2025-02-10T11:48:56.831Z",
    "updated_at": "2025-02-10T11:48:56.831Z",
    "created_by": null,
    "updated_by": null
  }
},
{
  "model": "authorizations.authorization",
  "pk": 195,
  "fields": {
    "person": 31,
    "style": 2,
    "status": 1,
    "marshal": 1,
    "expiration": "2029-02-10",
    "created_at": "2025-02-10T11:48:56.831Z",
    "updated_at": "2025-02-10T11:48:56.831Z",
    "created_by": null,
    "updated_by": null
  }
},
{
  "model": "authorizations.authorization",
  "pk": 196,
  "fields": {
    "person": 31,
    "style": 21,
    "status": 1,
    "marshal": 1,
    "expiration": "2029-02-10",
    "created_at": "2025-02-10T11:48:56.831Z",
    "updated_at": "2025-02-10T11:48:56.831Z",
    "created_by": null,
    "updated_by": null
  }
},
{
  "model": "authorizations.authorization",
  "pk": 197,
  "fields": {
    "person": 31,
    "style": 22,
    "status": 1,
    "marshal": 1,
    "expiration": "2029-02-10",
    "created_at": "2025-02-10T11:48:56.831Z",
    "updated_at": "2025-02-10T11:48:56.831Z",
    "created_by": null,
    "updated_by": null
  }
},
{
  "model": "authorizations.authorization",
  "pk": 198,
  "fields": {
    "person": 31,
    "style": 23,
    "status": 1,
    "marshal": 1,
    "expiration": "2029-02-10",
    "created_at": "2025-02-10T11:48:56.831Z",
    "updated_at": "2025-02-10T11:48:56.831Z",
    "created_by": null,
    "updated_by": null
  }
},
{
  "model": "authorizations.authorization",
  "pk": 199,
  "fields": {
    "person": 31,
    "style": 24,
    "status": 1,
    "marshal": 1,
    "expiration": "2029-02-10",
    "created_at": "2025-02-10T11:48:56.831Z",
    "updated_at": "2025-02-10T11:48:56.831Z",
    "created_by": null,
    "updated_by": null
  }
},
{
  "model": "authorizations.authorization",
  "pk": 200,
  "fields": {
    "person": 31,
    "style": 30,
    "status": 1,
    "marshal": 1,
    "expiration": "2029-02-10",
    "created_at": "2025-02-10T11:48:56.831Z",
    "updated_at": "2025-02-10T11:48:56.831Z",
    "created_by": null,
    "updated_by": null
  }
},
{
  "model": "authorizations.authorization",
  "pk": 201,
  "fields": {
    "person": 31,
    "style": 31,
    "status": 1,
    "marshal": 1,
    "expiration": "2029-02-10",
    "created_at": "2025-02-10T11:48:56.831Z",
    "updated_at": "2025-02-10T11:48:56.831Z",
    "created_by": null,
    "updated_by": null
  }
},
{
  "model": "authorizations.authorization",
  "pk": 202,
  "fields": {
    "person": 31,
    "style": 32,
    "status": 1,
    "marshal": 1,
    "expiration": "2029-02-10",
    "created_at": "2025-02-10T11:48:56.831Z",
    "updated_at": "2025-02-10T11:48:56.831Z",
    "created_by": null,
    "updated_by": null
  }
},
{
  "model": "authorizations.authorization",
  "pk": 203,
  "fields": {
    "person": 31,
    "style": 33,
    "status": 1,
    "marshal": 1,
    "expiration": "2029-02-10",
    "created_at": "2025-02-10T11:48:56.831Z",
    "updated_at": "2025-02-10T11:48:56.831Z",
    "created_by": null,
    "updated_by": null
  }
},
{
  "model": "authorizations.authorization",
  "pk": 204,
  "fields": {
    "person": 31,
    "style": 35,
    "status": 1,
    "marshal": 1,
    "expiration": "2029-02-10",
    "created_at": "2025-02-10T11:48:56.831Z",
    "updated_at": "2025-02-10T11:48:56.831Z",
    "created_by": null,
    "updated_by": null
  }
},
{
  "model": "authorizations.authorization",
  "pk": 205,
  "fields": {
    "person": 31,
    "style": 36,
    "status": 1,
    "marshal": 1,
    "expiration": "2029-02-10",
    "created_at": "2025-02-10T11:48:56.831Z",
    "updated_at": "2025-02-10T11:48:56.831Z",
    "created_by": null,
    "updated_by": null
  }
},
{
  "model": "authorizations.authorization",
  "pk": 206,
  "fields": {
    "person": 31,
    "style": 37,
    "status": 1,
    "marshal": 1,
    "expiration": "2029-02-10",
    "created_at": "2025-02-10T11:48:56.831Z",
    "updated_at": "2025-02-10T11:48:56.831Z",
    "created_by": null,
    "updated_by": null
  }
},
{
  "model": "authorizations.authorization",
  "pk": 207,
  "fields": {
    "person": 31,
    "style": 6,
    "status": 1,
    "marshal": 1,
    "expiration": "2029-02-10",
    "created_at": "2025-02-10T11:48:56.831Z",
    "updated_at": "2025-02-10T11:48:56.831Z",
    "created_by": null,
    "updated_by": null
  }
},
{
  "model": "authorizations.authorization",
  "pk": 208,
  "fields": {
    "person": 31,
    "style": 7,
    "status": 1,
    "marshal": 1,
    "expiration": "2029-02-10",
    "created_at": "2025-02-10T11:48:56.831Z",
    "updated_at": "2025-02-10T11:48:56.831Z",
    "created_by": null,
    "updated_by": null
  }
},
{
  "model": "authorizations.authorization",
  "pk": 209,
  "fields": {
    "person": 32,
    "style": 2,
    "status": 1,
    "marshal": 1,
    "expiration": "2029-02-10",
    "created_at": "2025-02-10T11:48:56.831Z",
    "updated_at": "2025-02-10T11:48:56.831Z",
    "created_by": null,
    "updated_by": null
  }
},
{
  "model": "authorizations.authorization",
  "pk": 210,
  "fields": {
    "person": 32,
    "style": 21,
    "status": 1,
    "marshal": 1,
    "expiration": "2029-02-10",
    "created_at": "2025-02-10T11:48:56.831Z",
    "updated_at": "2025-02-10T11:48:56.831Z",
    "created_by": null,
    "updated_by": null
  }
},
{
  "model": "authorizations.authorization",
  "pk": 211,
  "fields": {
    "person": 32,
    "style": 22,
    "status": 1,
    "marshal": 1,
    "expiration": "2029-02-10",
    "created_at": "2025-02-10T11:48:56.831Z",
    "updated_at": "2025-02-10T11:48:56.831Z",
    "created_by": null,
    "updated_by": null
  }
},
{
  "model": "authorizations.authorization",
  "pk": 212,
  "fields": {
    "person": 32,
    "style": 23,
    "status": 1,
    "marshal": 1,
    "expiration": "2029-02-10",
    "created_at": "2025-02-10T11:48:56.831Z",
    "updated_at": "2025-02-10T11:48:56.831Z",
    "created_by": null,
    "updated_by": null
  }
},
{
  "model": "authorizations.authorization",
  "pk": 213,
  "fields": {
    "person": 32,
    "style": 24,
    "status": 1,
    "marshal": 1,
    "expiration": "2029-02-10",
    "created_at": "2025-02-10T11:48:56.831Z",
    "updated_at": "2025-02-10T11:48:56.831Z",
    "created_by": null,
    "updated_by": null
  }
},
{
  "model": "authorizations.authorization",
  "pk": 214,
  "fields": {
    "person": 32,
    "style": 30,
    "status": 1,
    "marshal": 1,
    "expiration": "2029-02-10",
    "created_at": "2025-02-10T11:48:56.831Z",
    "updated_at": "2025-02-10T11:48:56.831Z",
    "created_by": null,
    "updated_by": null
  }
},
{
  "model": "authorizations.authorization",
  "pk": 215,
  "fields": {
    "person": 32,
    "style": 31,
    "status": 1,
    "marshal": 1,
    "expiration": "2029-02-10",
    "created_at": "2025-02-10T11:48:56.831Z",
    "updated_at": "2025-02-10T11:48:56.831Z",
    "created_by": null,
    "updated_by": null
  }
},
{
  "model": "authorizations.authorization",
  "pk": 216,
  "fields": {
    "person": 32,
    "style": 32,
    "status": 1,
    "marshal": 1,
    "expiration": "2029-02-10",
    "created_at": "2025-02-10T11:48:56.831Z",
    "updated_at": "2025-02-10T11:48:56.831Z",
    "created_by": null,
    "updated_by": null
  }
},
{
  "model": "authorizations.authorization",
  "pk": 217,
  "fields": {
    "person": 32,
    "style": 33,
    "status": 1,
    "marshal": 1,
    "expiration": "2029-02-10",
    "created_at": "2025-02-10T11:48:56.831Z",
    "updated_at": "2025-02-10T11:48:56.831Z",
    "created_by": null,
    "updated_by": null
  }
},
{
  "model": "authorizations.authorization",
  "pk": 218,
  "fields": {
    "person": 32,
    "style": 6,
    "status": 1,
    "marshal": 1,
    "expiration": "2029-02-10",
    "created_at": "2025-02-10T11:48:56.831Z",
    "updated_at": "2025-02-10T11:48:56.831Z",
    "created_by": null,
    "updated_by": null
  }
},
{
  "model": "authorizations.authorization",
  "pk": 219,
  "fields": {
    "person": 33,
    "style": 12,
    "status": 1,
    "marshal": 1,
    "expiration": "2029-02-10",
    "created_at": "2025-02-10T11:48:56.831Z",
    "updated_at": "2025-02-10T11:48:56.831Z",
    "created_by": null,
    "updated_by": null
  }
},
{
  "model": "authorizations.authorization",
  "pk": 220,
  "fields": {
    "person": 33,
    "style": 30,
    "status": 1,
    "marshal": 1,
    "expiration": "2029-02-10",
    "created_at": "2025-02-10T11:48:56.831Z",
    "updated_at": "2025-02-10T11:48:56.831Z",
    "created_by": null,
    "updated_by": null
  }
},
{
  "model": "authorizations.authorization",
  "pk": 221,
  "fields": {
    "person": 33,
    "style": 31,
    "status": 1,
    "marshal": 1,
    "expiration": "2029-02-10",
    "created_at": "2025-02-10T11:48:56.831Z",
    "updated_at": "2025-02-10T11:48:56.831Z",
    "created_by": null,
    "updated_by": null
  }
},
{
  "model": "authorizations.authorization",
  "pk": 222,
  "fields": {
    "person": 33,
    "style": 32,
    "status": 1,
    "marshal": 1,
    "expiration": "2029-02-10",
    "created_at": "2025-02-10T11:48:56.831Z",
    "updated_at": "2025-02-10T11:48:56.831Z",
    "created_by": null,
    "updated_by": null
  }
},
{
  "model": "authorizations.authorization",
  "pk": 223,
  "fields": {
    "person": 33,
    "style": 33,
    "status": 1,
    "marshal": 1,
    "expiration": "2029-02-10",
    "created_at": "2025-02-10T11:48:56.831Z",
    "updated_at": "2025-02-10T11:48:56.831Z",
    "created_by": null,
    "updated_by": null
  }
},
{
  "model": "authorizations.authorization",
  "pk": 224,
  "fields": {
    "person": 33,
    "style": 6,
    "status": 1,
    "marshal": 1,
    "expiration": "2029-02-10",
    "created_at": "2025-02-10T11:48:56.831Z",
    "updated_at": "2025-02-10T11:48:56.831Z",
    "created_by": null,
    "updated_by": null
  }
},
{
  "model": "authorizations.branchmarshal",
  "pk": 1,
  "fields": {
    "branch": 1,
    "person": 30,
    "discipline": 1,
    "start_date": "2024-11-13",
    "end_date": "2026-11-03",
    "created_at": "2025-02-10T11:48:56.831Z",
    "updated_at": "2025-02-10T11:48:56.831Z",
    "created_by": null,
    "updated_by": null
  }
},
{
  "model": "authorizations.branchmarshal",
  "pk": 2,
  "fields": {
    "branch": 1,
    "person": 3,
    "discipline": 8,
    "start_date": "2024-09-18",
    "end_date": "2026-09-08",
    "created_at": "2025-02-10T11:48:56.831Z",
    "updated_at": "2025-02-10T11:48:56.831Z",
    "created_by": null,
    "updated_by": null
  }
},
{
  "model": "authorizations.branchmarshal",
  "pk": 3,
  "fields": {
    "branch": 4,
    "person": 4,
    "discipline": 8,
    "start_date": "2024-09-18",
    "end_date": "2026-09-08",
    "created_at": "2025-02-10T11:48:56.831Z",
    "updated_at": "2025-02-10T11:48:56.831Z",
    "created_by": null,
    "updated_by": null
  }
},
{
  "model": "authorizations.branchmarshal",
  "pk": 4,
  "fields": {
    "branch": 3,
    "person": 28,
    "discipline": 9,
    "start_date": "2023-06-25",
    "end_date": "2025-06-14",
    "created_at": "2025-02-10T11:48:56.831Z",
    "updated_at": "2025-02-10T11:48:56.831Z",
    "created_by": null,
    "updated_by": null
  }
},
{
  "model": "authorizations.branchmarshal",
  "pk": 5,
  "fields": {
    "branch": 3,
    "person": 29,
    "discipline": 8,
    "start_date": "2025-03-25",
    "end_date": "2027-03-15",
    "created_at": "2025-02-10T11:48:56.831Z",
    "updated_at": "2025-02-10T11:48:56.831Z",
    "created_by": null,
    "updated_by": null
  }
},
{
  "model": "authorizations.branchmarshal",
  "pk": 6,
  "fields": {
    "branch": 26,
    "person": 5,
    "discipline": 8,
    "start_date": "2024-12-11",
    "end_date": "2026-12-01",
    "created_at": "2025-02-10T11:48:56.831Z",
    "updated_at": "2025-02-10T11:48:56.831Z",
    "created_by": null,
    "updated_by": null
  }
},
{
  "model": "authorizations.branchmarshal",
  "pk": 7,
  "fields": {
    "branch": 21,
    "person": 18,
    "discipline": 9,
    "start_date": "2024-08-20",
    "end_date": "2026-08-10",
    "created_at": "2025-02-10T11:48:56.831Z",
    "updated_at": "2025-02-10T11:48:56.831Z",
    "created_by": null,
    "updated_by": null
  }
},
{
  "model": "authorizations.branchmarshal",
  "pk": 8,
  "fields": {
    "branch": 1,
    "person": 19,
    "discipline": 2,
    "start_date": "2025-04-05",
    "end_date": "2027-03-26",
    "created_at": "2025-02-10T11:48:56.831Z",
    "updated_at": "2025-02-10T11:48:56.831Z",
    "created_by": null,
    "updated_by": null
  }
},
{
  "model": "authorizations.branchmarshal",
  "pk": 9,
  "fields": {
    "branch": 1,
    "person": 4,
    "discipline": 8,
    "start_date": "2022-05-02",
    "end_date": "2024-04-21",
    "created_at": "2025-02-10T11:48:56.831Z",
    "updated_at": "2025-02-10T11:48:56.831Z",
    "created_by": null,
    "updated_by": null
  }
},
{
  "model": "authorizations.branchmarshal",
  "pk": 10,
  "fields": {
    "branch": 1,
    "person": 13,
    "discipline": 11,
    "start_date": "2025-04-05",
    "end_date": "2027-05-06",
    "created_at": "2025-02-10T11:48:56.831Z",
    "updated_at": "2025-02-10T11:48:56.831Z",
    "created_by": null,
    "updated_by": null
  }
},
{
  "model": "authorizations.branchmarshal",
  "pk": 11,
  "fields": {
    "branch": 1,
    "person": 1,
    "discipline": 1,
    "start_date": "2020-01-01",
    "end_date": "2030-01-01",
    "created_at": "2025-02-10T11:48:56.831Z",
    "updated_at": "2025-02-10T11:48:56.831Z",
    "created_by": null,
    "updated_by": null
  }
},
{
  "model": "authorizations.branchmarshal",
  "pk": 12,
  "fields": {
    "branch": 1,
    "person": 34,
    "discipline": 2,
    "start_date": "2025-01-01",
    "end_date": "2027-01-01",
    "created_at": "2025-02-10T11:48:56.831Z",
    "updated_at": "2025-02-10T11:48:56.831Z",
    "created_by": null,
    "updated_by": null
  }
},
{
  "model": "authorizations.branchmarshal",
  "pk": 13,
  "fields": {
    "branch": 1,
    "person": 36,
    "discipline": 1,
    "start_date": "2030-01-01",
    "end_date": "2032-01-01",
    "created_at": "2025-02-10T11:48:56.831Z",
    "updated_at": "2025-02-10T11:48:56.831Z",
    "created_by": null,
    "updated_by": null
  }
},
{
  "model": "sessions.session",
  "pk": "2xpq11kaq5yairpk0pfupa9gejd6rilm",
  "fields": {
    "session_data": ".eJxVjMsOwiAQRf-FtSHlPbh07zeQAQapGkhKuzL-uzbpQrf3nHNfLOC21rANWsKc2ZkJdvrdIqYHtR3kO7Zb56m3dZkj3xV-0MGvPdPzcrh_BxVH_dYGtSLSRXuyXksHgEqiEdmKCaAkMA6cjNEpKU1UxSZFRrsiknY-x4m9P8bbNyk:1u6cc2:4OeXqVO8-t2tBWn6Nf_W5n4p1XE-Fwmun5bkriktLoo",
    "expire_date": "2025-05-04T21:54:06.518Z"
  }
},
{
  "model": "sessions.session",
  "pk": "wyrbuih3l2vui6xh2rdql7rosxkp7vvj",
  "fields": {
    "session_data": ".eJxVjMsOwiAQRf-FtSHlPbh07zeQAQapGkhKuzL-uzbpQrf3nHNfLOC21rANWsKc2ZkJdvrdIqYHtR3kO7Zb56m3dZkj3xV-0MGvPdPzcrh_BxVH_dYGtSLSRXuyXksHgEqiEdmKCaAkMA6cjNEpKU1UxSZFRrsiknY-x4m9P8bbNyk:1tsX5C:xp8LhOGn1pX6ZcQmVvGxJ2wAw1_9BEy8d0B06hJfViE",
    "expire_date": "2025-03-27T01:09:58.773Z"
  }
}
]
